sequence,name
GRKLWHDL,1ordA_2
YEKTLLNIEENI,1cknA_5
FMLTT,1ordA_3
NSILFLM,1ordA_4
GFFTALSTV,1pfkA_1
LGHIQRGGSP,1pfkA_2
FNPVGA,1nah_1
GVRD,1nah_2
GAGVGNS,1nah_3
APRREGDLPAYWA,1nah_4
LDTTAENQAKNEHLQKENERLLRDWNDVQGRFEK,1fu1B_1
YGAHLM,1yghA_1
LFANTYLA,1dljA_1
RKSYIA,1dljA_2
ARRTPSQ,1dioA_1
YAETI,1dioA_2
YPEAITYL,1sig_1
VDRRMARDGLVH,1doc_1
FVD,1sig_2
NQNAQKTPVLIRANDNNQLSL,1fouA_1
VYGQ,1doc_2
DFISSG,1dioA_3
LD,1sig_3
SIEVFKTDAPYVV,1fouA_2
LKVFERVY,1doc_3
IVGDGQVLSAVNDVN,1dioA_4
FRLVP,1sig_4
LRSF,1doc_4
YPQNCPPDALPG,1aua_1
NVG,1a8h_1
IWKAERF,1doc_5
FENCEKW,1aua_2
LRTRYEADLA,1a8h_2
LQKLQQI,1sig_6
ARRAKKEM,1sig_7
LPIMAKSVLDLYEL,1c20A_1
VIGYMPIPVGVA,1dq8A_1
SRVLADGMTR,1dq8A_2
MQILAVSGNYCTDKKPAAIN,1dq8A_3
MKKAM,1a26_1
LLDIEVA,1a26_2
KLRTDIKVV,1a26_3
LPEPIQLL,1bia_1
KSKFDNLYGC,1a7aA_1
LDNFINRPV,1bia_2
GHPSF,1a7aA_2
ALGF,1lml_1
LTNKC,1lml_2
PVVVPYSDG,1lml_3
DRARYNAYL,1adjA_1
LKELGVRPM,1adjA_2
LPEEKG,1adjA_3
RLLEELGQVEKA,1baq_1
FSRLNL,1qtqA_1
GPAPFYPLEDGT,1ba3_1
CIREDLNENA,1qtqA_2
PESFDRDKTIALIM,1ba3_2
LYDRL,1qtqA_3
FIVDRLKSLI,1ba3_3
THQEVP,1qg3A_1
DTGAPISV,1skyE_1
TNLERKL,1skyE_2
CVLPTRS,1pud_1
NIAFY,1pud_2
CGGGWKLEGE,1befA_1
PGCVDA,1mpgB_1
VSVYQPP,1zxq_1
TDGVRQV,1ppn_1
AQYPFEDHNPP,1d5rA_1
YDKYGRKTLPW,1mun_1
GLKRRGFSREA,1lxa_1
LPGVGRSTAG,1mun_2
PDKC,1g6q1_1
LLKNHLDYRPVAL,1d5rA_4
IEEAAA,6reqA_1
LWSLSEQV,1mun_4
LVTWD,1ej6C_1
ASENFASRAV,1bj4A_1
RGRWMARLARM,1ej6C_2
FKVYQHQV,1bj4A_2
YTAQIRTISGVY,6reqA_3
MPGSVIADC,1ej6C_3
FHKGRQL,1dd9A_1
AMPLSAFLF,1dd9A_2
AIRGQDLDEARA,1aqt_1
TEYNDRS,1ej6C_5
AVSREDSQRPGAHLTVKKI,2up1A_1
CNKVIDL,1nal1_1
AEKLFNQDV,2lzm_1
EKEILIEAI,1fokA_1
VPKRVYW,1fokA_2
SELRHKL,1fokA_3
MGPVIDRFEL,1a6cA_1
AEVVGNPV,1f0kA_1
WRPDSQVHPPMFSSSELYNW,1a6cA_2
ARAASIPDATERV,1f0kA_2
LQYVKRFYDA,5r1rA_1
TFDKTRP,3mdeA_1
SETVSERLPGQTSGNAF,1fiuA_1
NGACWTSKRC,2cwgA_1
IAQKPGALRILNHS,1f6vA_1
CQGGPCRADIKC,2cwgA_2
YLLDLPNP,1pbwB_1
SGACSTDKPC,2cwgA_3
SCMRTIEDLMF,1ft9A_1
RIPFLFKGM,2sas_1
PLRGCIDDRIPTDPT,1dw9A_1
TKENPRPLENL,3daaA_1
YSPLGSPDR,1frb_1
VLIRFH,1frb_2
IQVFDF,1frb_3
AGEEYRRGW,1djnA_1
ATGARW,1djnA_2
GRHSECTL,1djnA_3
TDRARLSI,1di1A_1
FTRNIL,1bqg_1
VGGQ,1ei9A_1
LGQHLQVP,1bqg_2
LKAMDKAGQLVFLALEGDHLQLSEEW,1ei9A_2
LLPSFSQQAM,1bu7A_1
LEYYTPEEL,1hqcA_1
CGFNYRFNSFYRDQPH,1bu7A_2
GLEKRD,1hqcA_2
YEHHNVDDVEQFIS,1exnB_1
IAGHE,1bu7A_3
NLILVDL,1exnB_2
LWPTAPAF,1bu7A_4
LHRDKTIWGDDVEEF,1bu7A_5
SEFEDPLV,1ezfA_1
RWGSL,1d8cA_1
IVEA,1d8cA_2
VAENANWSAQEI,1d8cA_3
FSSQKGSVGYA,1etpA_1
SNDYL,1bs0A_1
REKLAAL,1bs0A_2
AIIRG,1qupA_1
FLSFSIDNQVAEKYAQEI,5eat_1
DFNLLQMLH,5eat_2
TLQAAASKI,1vsgA_1
GLEALKQTL,1vsgA_2
FLAITT,2bct_1
GAETAEF,1vsgA_3
ALGLHLTDPSQRLVQNCL,2bct_2
AVRLHYGLPVV,2bct_3
NTIYNA,1cfmA_1
LREQGAI,2bct_4
TNNPN,1cfmA_2
TVCGCRKNQYRHYWSENLFQCFNCS,1extA_1
VQFADRV,1fn9A_1
FIKGTAKL,1fn9A_2
TMQQAPIVLTPAA,1fn9A_3
PSRIEQM,1moq_1
NFTAMT,1bmdA_1
SDPVHL,2fcbA_1
FDELELV,1llp_1
IKRTV,1mroB_1
LVDDFQFIF,1llp_2
IATMLDIPQKLEG,1mroB_2
IPLSKPIPGNGPF,1llp_3
TLVPTEM,1cvrA_1
VKMVRVQAIEKNRYRA,1do2A_1
LRDELEVVL,1dmtA_1
EAAKLVNPEEL,1do2A_2
YRSCINESA,1dmtA_2
LQALTTSDF,1do2A_3
LYGTTSETATWRRC,1dmtA_3
VSLTC,1ayrA_1
LYFSQVQV,1ayrA_2
GYPDDIVSNDNKL,1dmtA_5
LTFP,1ayrA_3
FEIKA,1ayrA_4
LREKVDKDEW,1dmtA_7
VRLLIR,1ayrA_5
LKEDEI,1zymB_1
ILGLKIIDL,1zymB_2
IKV,1ayrA_8
VAT,1ayrA_9
ASSYTAPQPGLG,1gof_1
GKHIIQGPMYDVSGTAPVNVTN,1eejA_1
YRIGDPPFSQDEC,1hqmC_1
GHLPLM,1hqmC_3
IHRSPG,1hqmC_4
LTAGVPGHEVDDIDHLGNR,1hqmC_5
LEAALREFF,1hqmC_7
FPGLNGMD,1jdbF_1
GFDVRDVHRTHYGRI,1hqmC_8
QVFSLNTNL,1hqmC_9
FPEDYITDRSQRFMA,1egaB_1
LEEKVAVLKARAFNEVD,1mtyG_1
TKLPEAQQRVGGCFLNLMPQMKTLYLTYCANHPSAVNVL,1by1A_1
IPHGEA,1qfjA_1
TTGLSKPFMRLDKYPTLL,1by1A_2
LNEKAVS,1hfaA_1
QDXHQKLSFGPRYG,2trcP_1
IRFETEET,2admA_1
FAEERKTHNL,1bob_1
LRDRNDIQRL,1bob_2
VISLQLTAEKRV,1prxA_1
TPPQTGLDVPY,4kbpA_1
DLSYADRYPNH,4kbpA_2
YHVPYEAS,4kbpA_3
PGTVRGGDYRFAIGSAGS,1qmiA_1
DEIIDYYKKIYGDI,1ekeB_1
VSPVASFNTLQLGERGNIV,1qmiA_2
VKEVKRYLAS,1qmiA_3
LERIRLFN,1b24A_1
IITAKDEEGL,1qf6A_1
HLMGV,1dkrB_1
YLQRLEEAAKRD,1qf6A_2
LSVGPLL,1dkrB_2
AGFFPT,1qf6A_3
ARTIRKRFSDGDIQNLLEM,1xat_1
MILLESRL,1c05A_1
YTRLPERSELPAEI,1c05A_2
PEIRT,1pklG_1
FSVGVNVM,1dih_1
CDVDLPA,1pklG_2
ITHKASSRMTFA,1dih_2
ALNEYVFF,1pklG_3
PKRLPHREQQ,1fnnA_1
FSPYTKDQI,1fnnA_2
SKRSFKEGAI,1hhsA_1
SKEVLFGI,1fnnA_3
PMIP,1hhsA_2
MFSDL,1hhsA_4
VVYRA,1hhsA_5
PNIATG,1d2nA_1
SKDRMV,1hhsA_6
ERRRTAM,1hhsA_8
DRKFDELVQT,1dkxA_1
MIGP,1scuA_1
MEKEISYF,16pk_1
ARNVEERLCL,1a79A_1
VSDH,1hhsA_10
QGATDLMGT,1hhsA_11
PVKMFDRHSSL,1bpoB_1
LMHGV,1hhsA_12
RNNLAGAEELFARKF,1bpoB_2
LLDQGQLNKYES,1bpoB_3
AYQTELGQML,1fps_1
VGIDSKEEHEN,1fps_3
FQQYEESS,1fps_5
YTVPLDKA,1qs0B_1
AVTDYTA,8tlnE_1
IFGTLVEFYANKNPDWEIG,8tlnE_2
AAQVAYQMW,1avc_1
LRASVSAIQQTTKQIYDDQSLVNV,1pymA_1
YGTERQPRTHY,1cb6A_1
GLFQGDTFRI,2cblA_1
ATATAAW,1qpoA_1
VPSHA,1cb6A_2
WSSLLRNWNSL,2cblA_2
VPPRIDSG,1cb6A_3
SRPSESEG,1ahjB_1
AKLKQKTEQLQDRIAG,1qo0E_1
FLETLPVREFIN,1dqsB_1
AETILKAVRR,1dqsB_2
AYVVSADEREGG,1dqsB_3
PRDLKGMAAVRFDH,1mpyA_1
VQQKYKVSDTAATVTG,1io1A_1
QVANADL,1io1A_2
FKAQPDLAEAAATTTENP,1io1A_3
VISSDMYTAL,1otcA_1
IQDDHSVEVASLKKNVS,1otcA_2
WSLPSGYCEGFGSENNII,3sil_1
AENSSLDWKAQY,1chkA_1
VKGQEAYMKSL,1qlaA_1
QNDERDRVYF,1chkA_2
EDSGF,2mjpA_1
LMPYEL,1qlaA_2
MPLLRN,1gln_1
INEVVLLDAP,1ebpA_1
FKT,2mjpA_2
MNGKYI,1gln_2
VIYHLGQYI,1ycqA_1
ARYLFTE,1gln_3
KSQISHRKKA,2mjpA_4
VIDSYDLYN,1cqqA_1
CYGKKYGPKGKGKGMGAGTLSTDKGESLGIKYEEGQSHRPTNPNASRMAQKVGGSDGC,1b8tA_1
LRRNQLAPDL,1dvkB_1
AIGFYHE,1ast_1
TLRKRKMYEEF,1rgs_1
MDN,1ltm_1
WGRVMGKT,1ltm_2
LNLKGSFAGAMG,1ltm_3
FKAHGWVKGDQVAV,1ltm_4
LPNFYT,1ltm_5
FWETSGLNILETLA,1hw1A_1
IAVRDERWTL,1b9hA_1
AFAAFRA,1b9hA_2
TDAISSD,1b9hA_3
RKKHADTAAKL,1dcqA_1
SGNLDKQTGKG,1dcqA_2
LGFSAGPALCTML,16vpA_1
VLHTSL,1bg6_1
CAALGGPNAWTGRNLKEVHANMGVSNAQF,1dlwA_1
YRPAKLAL,1bf8_1
IRAHGD,16vpA_3
LSRFFHAEL,16vpA_4
LTGIKGAFRT,1crzA_1
LARVLFL,16vpA_5
TEEPGAPLTTPPTLHGNQARA,16vpA_6
LLTPMSIIA,1sayA_1
MPGAVP,1sayA_2
YAADSRL,1hslA_1
VKDEKLFGVG,1hslA_2
VVDEREVTTRKSFPTLPH,1i7oA_1
PSLPERIDNVL,8atcB_1
VPVYSPNAI,2dldA_1
AFYTTHA,2dldA_2
DVHNFSIKDVGTIITNKTGVSP,1el6A_1
QEIISESKPGYGTW,1el6A_3
ELGG,1a4sA_1
LANGQSP,1ddzA_1
LSVKADF,1dr9A_1
SISPV,1a4sA_2
LQDKWVIA,1b94A_1
FSNLAHTQTP,1ddzA_2
VYHEATV,1ebfA_1
GAGAAVTA,1ebfA_2
YTST,1sbp_1
ILAEP,1sbp_2
SLDRQL,1fce_1
VAKKYDDAFPKL,1sbp_3
LLDAMWNNYSDSKG,1fce_2
NFETRGKRGQDAMYEYMA,1ddt_1
NRPAYSPG,1ddt_2
YTPGETSA,1d2oA_1
KHQGKD,1ckqA_1
AGNAIERS,1ckqA_2
LEGS,1ckqA_3
MTELYQSLADL,1eg4A_1
LNRLDRL,1ckqA_4
FNPQFLA,1bs2A_1
IISLCKAHLEDKY,1eg4A_3
GDWGKQFG,1bs2A_3
FREFSIEKYIDTY,1bs2A_4
FGMVQGMSTRKGTVVFLDNILEETK,1bs2A_5
IIAQI,1bp7A_1
GPNGLL,1ndh_1
LKIIEQLPSA,1bp7A_3
CPPYAP,1fcbA_1
WQYTAATATPTIGHV,1d3cA_1
FADLLKNYAGRPT,1ttqB_1
GAHKTNQ,1ttqB_2
FQRMI,1ttqB_3
LYFPQPTNTL,2tbvC_1
EKLES,1wer_1
GNVPELPDTTEHSRTDL,1wer_2
FNNKQERTLFKE,1hjp_1
LVEWLKDPSQELEFI,1ft1A_1
LHGDLFXXXXXXXXXXXXXXXXXDAEQEA,1hjp_2
MIKLVPHNESAW,1ft1A_2
GTAEERYQAICQRS,1eluA_1
FEAEKNQQV,1f0xA_1
AQYP,1f0xA_2
AMNFERAAELTAV,1dioG_1
LGNVAGDSTDYR,1bk5A_1
ITAGNTEQI,1bk5A_2
FTYRITA,1aozA_1
LAPPPEQYA,1a5t_1
LALFQGDNWQAR,1a5t_2
LVMKGRRMAVTTM,1e1dA_1
VATDRI,1a48_1
VRNHLVDIAPGKTI,1a48_2
CLGEGSGRITCTSRNRC,1fbr_1
SLLVHKHKLI,1a48_3
IMTTRNT,1prtB_1
LLALDREVQEL,1sesA_1
LREKEARL,1sesA_2
IARGEISLDDA,2bltA_1
WNYSIESMFGQKESPA,1qexA_1
SIGLFGALA,2bltA_2
VLHIPIDFKLD,1fwkA_1
IPVPTRDLEKPF,1d2eA_1
PGSIQPHQK,1d2eA_2
FIVNRLLVP,2hdhA_1
TDRIERVFPI,1pysB_1
LSEAWPEE,1pysB_2
AGSPKPPEAI,1pysB_3
GYETIPLALPAFFPAPDNRGVEAPYRKEQRL,1pysB_4
LPDKPLAFQDPS,1pysB_5
AAEQVYKIVKVP,2btvB_1
QGYIEAVQ,2btvB_2
KVDMRHL,2btvB_3
FWKAVLNDSPEA,2btvB_4
SLKLVLE,2btvB_5
WAGTA,1oilA_1
FINKRIVERV,2btvB_7
AEDPVAVI,1oilA_2
VLEDP,1a8y_1
KSPLNYK,1dnv_1
VEEHRRST,1a8y_2
PPEATQNVAESTHNLTRNFPADLFN,1dnv_2
GSLV,1hrdA_1
EAQPTHFPFSTEAN,1dnv_3
GANIVG,1hrdA_2
AQVT,1tdj_1
REDRQPV,1tdj_2
SHWPA,1fgs_1
AGQG,1tdj_3
VSERCELGEQR,1tdj_4
TGEQGLG,1han_1
TVIDALLWVRDQV,1f6dA_1
NPYGDGQA,1f6dA_2
NTIGNEF,2phlC_1
GKAQLEVKI,2ushB_1
LLWFLQGDTNI,1tsdA_1
PVGAGLKVID,1cjxB_1
TPDGRHIDQITTV,1tsdA_2
WRASGKQDPLAYL,1qsaA_1
LLK,1dfmA_1
VAWRLMGNDVTDEQAKWRDDAI,1qsaA_2
DPVG,1dfmA_2
YELKIDKA,1qsaA_3
GLIEDFETDI,1dfmA_3
ERFPLA,1qsaA_4
EHVE,1gcuA_1
LEEVPSVGVNKNIFL,1gcuA_2
PQVGEK,1d0sA_1
MPIVEAA,1d0sA_2
LLRLG,1ee8A_1
YYHRDW,1ct9A_1
VSKGYEKA,1rl6A_1
HYANFKNMTPLPAM,1vls_1
GIAQ,1qf8A_1
LFRIDHY,1dpgA_1
DVVFTDEMAHFDRERIPER,4blcA_1
VRTFYLKVLNEEQRKRLC,4blcA_2
LKRIS,1seiA_1
EVASAV,1evzA_1
CCHLKNI,2bpa1_1
LHTDQERDYFMQR,2bpa1_2
FPP,2bpa1_3
RVLI,2bpa1_4
LQLLEPF,5acn_1
HTTDVPDKYWKL,1yub_1
VTNSVSSKLQPYFQTL,1bp1_1
PLPAQESEEC,2pspA_1
YQEAGVLKMTL,1bp1_2
VSASTPP,1bp1_3
RLRIG,2pth_1
MHTTG,1bp1_5
LVLPRVNEKL,1bp1_7
SSQTP,1deoA_1
PLETT,2azoB_1
VRHKLKRV,2azoB_2
LWSP,2azoB_3
GYRC,1ofgA_1
TQPLPAA,1es6A_1
LKAEW,1cem_1
VQTPGHANQSMMPQFIMPANNQFSAQ,1ofgA_2
LYNHCVEHGSYV,1cem_2
GGLATVELTEF,1qlmA_1
GEEGMQ,1ofgA_3
VGSVQVS,1qlmA_3
LANTVRY,1ki2B_1
AWALDVLAKR,1ki2B_2
LSPDEAP,1soxA_1
LQCA,1soxA_2
QQNDYK,1soxA_4
GHEYTI,1qh5A_1
WSVHIAMHPQV,1dfcA_1
APAIQELPVQS,1soxA_5
ALEQSCAQV,1dfcA_2
PELKQKSS,1acc_1
FLMKLINRPII,1dfcA_3
LERVYQSEQA,1fxjA_1
DGIP,1acc_2
LTKYKSS,1acc_3
VMMAA,1abe_1
IAVGADESVV,1acc_4
LPSPDVH,1abe_2
PTMFFGQT,1h2rS_1
TEVTDVVL,1abe_3
PLKVFKQA,1rss_1
IDGINVHSARK,1gph1_1
TQTLNEK,1fuoA_1
GIGR,1gph1_2
ISGWVAML,1fuoA_2
IVDSVEAYA,3pmgA_1
LMKIANDV,1fuoA_3
LKTSDSPTQRIGG,1b04B_1
VPDRQLLA,1a0fA_1
GFFVNP,3pmgA_2
IPENEPGSSIMPGKVNPTQCEAL,1fuoA_4
EESFGTGSDHIREKD,3pmgA_3
MESFNKHC,1fuoA_5
AIDG,1b04B_3
VEDIL,3pmgA_4
VNPERRRC,1b04B_4
NLVKIM,1qgkA_1
ICELLPEAAINDVYL,1qgkA_2
AVQKTTLVI,1qgkA_3
FLGIGLKNYAEYQVC,1qgkA_4
AVKELF,1cb8A_1
IYLGT,1b87A_1
FNDYLSA,1dhx_10
FTRLKTKET,1dhx_11
DGTFYL,1dhx_12
FQPMSRQVV,1dhx_13
VPYPLIGKTAVDSITQKKF,1dhx_14
LFEVFD,1dhx_15
AGLDSSQ,2lbp_1
MPKRYDQDPAN,2lbp_2
LKGFDF,2lbp_3
FEGV,1rdr_1
LKRFFRAD,1rdr_2
VLPPNTTQ,2kinA_1
AQAERQRILERTNEGRQEAMAKGVVFGRKRKIDR,1gdtA_1
YAQDQSVALSNKCFIKCA,1qqeA_1
TQDFWEVQLGIPHPAGLKKKKSVTV,1rthA_1
IFQSSMTKIL,1rthA_3
TPDKKHQKEPPF,1rthA_4
LKEPVHGVYYDPSKDL,1rthA_5
VKLWYQL,1rthA_6
CLELKPDNQTAL,1fchB_1
LSGEYDKAV,1fchB_2
SRY,1fchB_3
RDP,2glsA_1
VLFGPEPEF,2glsA_2
GSGM,2glsA_3
YVEFEGEQGVDEGGVSKEFF,1c4zA_1
ALKEAL,1ng1_1
SHPVLYQSLKDL,1c4zA_2
GECLKCIYNTAGFYCDRCKEG,1klo_1
FVNLYSDYIL,1c4zA_3
ITLCDFIVPWDTLS,1bqqT_1
ICGSRNL,1c4zA_4
RGVLKVFLENV,1aoiF_1
IVVLNRAETPLPLDPTGKVKAELDTR,1b8aA_1
LHSVYNFCDKPW,1auvB_1
LDEAYPGKKLLPDDPYEKACQ,1eemA_1
LINQTFY,1auvB_2
AKSVEAQTF,1knyA_1
TEPFIDAKYDV,1auvB_3
CMRMRMIK,1chmA_1
GVLFASG,1lam_1
MELAQRN,1cs1A_1
LYDYPKY,1qfmA_1
LEPRVFREVTVKGI,1qfmA_2
AKACQ,2minB_1
MFEGIARYFT,2minB_2
PGFETYLGNFRVIKRM,2minB_3
AGGTTQEEMKDA,2minB_5
VPKLNIPMGLDWTDEF,2minB_6
IQEKSHPNF,1c3gA_1
IKIGLFADI,1aoa_1
IVIIGLYEKP,1nkr_1
IPQGRSHPVQPYPGAF,1clqA_1
TARKGKGAFCNGQKLQV,2hhmA_1
VFNQRKEHKGYMLA,1clqA_3
ASSTSPVEISEWLDQKLTKSDRPEL,1efvA_1
AQRTEVAGMTA,1clqA_4
TQPDVP,1cfb_1
ALQWIERKV,1clqA_5
IDRGFREM,1clqA_6
FEKEFRQLNY,1clqA_8
GNGGWNQFQFLFFDPNGYL,1tl2A_1
MDYTVLL,1clqA_9
ATEVGSGGWSGF,1tl2A_2
VPTGGC,1qunB_1
LDVLLEHFVKITEH,1unkA_1
AAAEKNVPLY,1oneA_1
EGELRAEVAANIKRL,1fjgM_1
LTAGEPDFDT,1bjwA_1
AREAYRRRRDL,1bjwA_2
PDYKYSA,1pnf_1
LGALGCSANPI,1pnf_2
LRTYGVN,1a41_1
WGLEYQAPYSSP,1aol_1
FTREELPNGEER,1atiA_1
KLDQVT,1aol_2
AGFAYTYATMYDKG,1qrdA_1
VLEPQLV,1qrdA_2
VWEESPL,1qrdA_3
AIELNPSNA,1a17_1
VSGITGMVDPSRINVANLAEEGLGNIRANSFGYDSAAIKLRIHKLSKTLD,1tyw_1
NHKDCRGAEIPFVPDIA,1tyw_2
YFKGNWQQKF,1hleA_1
PRFKLEESY,1hleA_2
PRNEF,2pia_1
TVHFESFGATNTNARENTPF,2pia_2
LGNLLERN,1dl5B_1
INWVDY,1nar_1
AADISSKS,1dciA_1
LEQEYKS,1yveI_1
STAEGVL,1e4gT_1
KHVI,1e4gT_2
YLRKKGFKRIL,1c3rA_1
IIHARLREI,1e4gT_3
GCYANSDRPSI,1e4gT_4
LPDAHFN,1qr0A_1
AKQDAYW,1mtyD_1
ATLNRSLLK,1orb_1
RQSLFFYP,1auk_1
KAQLDAAVTFG,1auk_2
NYVEDIDATF,1nmtA_1
AATPV,1nmtA_3
VSCHQSETKERREC,19hcA_1
GYLITPAWL,1bgxT_1
SWDLAKV,1bgxT_2
NKQNIWQA,1nmtA_5
TVLAEATVAPVSP,19hcA_3
LEFGSLLHEFGLLESPKALEEAPWPPP,1bgxT_3
LSLEVAEEIARLEAEV,1bgxT_4
TCHHRSPLSLTPPKCGSCHTKEIDAADPGRPNL,19hcA_5
LQYRELTKLKSTYIDPL,1bgxT_5
AAGFF,1fdr_1
ALVFYREYIGRLKQIKFKF,1c1kA_1
IIIXXXXXXXXXXXELKPEQVEQL,1fo1A_1
LNVLRIINEPTAA,3hsc_1
STAGDTHLGGEDFD,3hsc_2
LNADLFRGT,3hsc_3
PDEAVA,3hsc_4
VLVPP,1f97A_1
IIPYYGQKHQSDITDIVSSLQLQFES,1floB_1
GRMANFDGMDMSHKMALSSTNEIETNEGLAGTSLDVMDLSRVL,1b35C_1
AESR,1ps1A_1
DLRDIGDL,1qj2C_1
ARNIKEGRVFLREQATKW,1ryt_1
IPVPPTGHG,1qj2C_2
KKYEQGFITDP,1b3oB_1
IARTDLKKNRDYPLA,1b3oB_2
KYFHSRPRDSQI,1dnlA_1
VPLPSFWG,1dnlA_2
AFEAKMA,1ftrA_1
EIXSG,1rl2B_1
TTGVAGG,1ftrA_2
KRSVKNPYPISFLLSDLINRRTQRVDGQPMIGMSSQVEEVRVYEDTEELPGDPDMIR,1sva1_1
WWGPLLS,2sqcA_1
YPWEKVPM,2sqcA_2
VAETLKDNTQSKLTVKGNLDTYGFCDDVWTFI,1ytfD_1
SRQPVFPL,2sqcA_3
FQASIS,2sqcA_5
DSKAPNASNL,1nfkA_1
VDNTSDLP,2sqcA_6
APILYENDHF,1vdeA_1
PAAAFARECRGF,1vdeA_2
GGMP,1dq3A_1
FITPII,1bjt_1
KVNKLRNDPVAGGGLPKYG,1aorA_1
SHKFTWKQKYYKGLGTSLAQEV,1bjt_2
TSHYLKLL,1dq3A_3
LILFQDLTA,1aorA_2
EPXXXXXXXXXXXXXXXFINKELILFSLAD,1bjt_3
YKLPAVTTMKVRPA,1bt3A_1
LSNHKGGNFG,1dq3A_4
FNLKAGLDP,1aorA_3
VKRMLH,1dq3A_5
NKLTRKIF,1bjt_5
GKLIGDPSFGLP,1bt3A_3
FAKVLELDNV,1b3uA_1
MHPWFRGWTGTIEEIEPLRY,1bjt_6
RDYTDSDW,1bt3A_4
LWNNIKKW,1alwA_1
SWRVRYMVA,1b3uA_2
LISPI,1bjt_7
TRVPQPLIAG,1opmA_1
FLRELPEP,1tx4A_1
LSQSLLPAIVELA,1b3uA_3
RKDHMSERLQW,1bjt_8
KETELENL,1bjt_9
LLVFGL,1cdh_1
IWGA,1poy2_1
FWMD,1poy2_2
ARKLLSPEVAND,1poy2_3
ILNKEKKAVSPLLLTTTNSSEGLSMGNY,1qu6A_1
FFALLNDPRG,1vns_1
LTTNLTAF,1af7_1
AVTYKKEEDL,1vns_2
LGPRYVDYVLG,1adeA_1
LNFHLIVHNP,1jkw_1
VKKYEPP,1jkw_2
STLFRGLEIIL,1h2rL_1
VGVHIP,1h2rL_2
HLHALDFVD,1h2rL_3
IATAHYLEA,1h2rL_4
YIPDLLVVAAAYKDW,1h2rL_5
ARGIET,1h2rL_6
TLGFNRI,1esc_1
ICAPWEMPKQAEG,1h2rL_7
GKQWLDDQFERV,1esc_2
TRNV,1bo1A_1
YPRL,1esc_3
FQLVV,1h2rL_8
DQIQKRL,1esc_4
LYAGTGANT,1esc_5
AHPNDKGR,1esc_6
AKIYAELVGFG,1kas_1
SSTKSMT,1kas_2
NVDAGERAKQA,4crxA_1
AYKNVV,1qjbB_1
ICNDVLSLLEKFLIPNA,1qjbB_2
AYQEAFEIS,1qjbB_3
VLPPLY,1hcy_1
DYGNSPLHRFKKPGSKNFQNIFPPS,1qm9A_1
GFGQL,2hpaA_1
VRKFGVEV,1dkgA_1
FNVSFT,1hcy_2
FQKRLHPYKDF,2hpaA_2
IEIVGDI,1uag_1
NIHHVTWHMDFP,1hcy_3
SELSL,2hpaA_3
FTGLPH,1uag_2
LFVKPTDYV,1d3uB_1
TARFDFERLSNWLDPVDEL,1hcy_4
AHVHDLEITESRI,1hcy_5
YGSLHNTA,1hcy_6
FFRLHKYM,1hcy_7
TFF,1hcy_8
ARVHR,1hcy_9
ISLENSWSAL,1mrj_1
VLHVA,1dqrA_1
LSGAHWM,1dqrA_2
YKNTLSAQQ,1cii_1
DQWGVELGKQLAKKIEPELDGSSPV,1dqrA_3
LRLHTESRML,1cii_2
ARIPKVGARIMS,1d2rA_1
AEKRQKDA,1cii_3
IETLRPIQERY,1d2rA_2
LDTRLSELEKNG,1cii_4
HIERYEI,1hqmC_10
LKATKDA,1cii_5
VYRRLKDKPDGKLIL,1eg7A_1
VAQKR,1hqmC_11
GPSHVKL,1dp4C_1
MVEDKMHARSTGP,1hqmC_12
TYKEPDN,1dp4C_2
ADYVVTEA,1eg7A_3
RDTDF,1dp4C_3
ITGAIMTM,1eg7A_4
YPLKEAF,1sftA_1
QDAVA,1am7A_1
PEEKKTTFYTLGG,1mroA_1
AAKRGIPQYNPDIGTPLGQRVLM,1mroA_2
IRRTV,1mroA_3
EVIHMG,1mroA_4
QTYQPA,1fcdC_1
FYKMLTQRAEI,1djxB_1
YLLSADGNAFSLAHRRVYQDM,1djxB_2
TSEVIM,1fxkC_1
FNSRALTQGPWWRPE,1djxB_3
PLRMRDWLK,1sra_1
MEQELAIF,1ecrA_1
YIFPVH,1sra_2
FRHL,1ecrA_2
AILV,1gpc_1
VKRKTSY,1gpc_2
IQHINKL,1ecrA_4
LSEMTSKDK,1gpc_3
YRTLTVL,1ecrA_5
TTPKGT,1b0pA_1
APAETKAEPMT,1b0pA_2
IKRPVKV,1ecrA_7
FAPAGGKADGSVDFGEGAEFC,1b0pA_3
YDADNVQHRYKPQAQPLRLI,1ecrA_8
LTALLSDDSKF,1dt9A_1
LSNVKFIQE,1dt9A_2
AYKSLAVDIN,1f5mB_1
QDRGYFEELI,1b89A_1
HDSLIPAPGDYVT,1ndoA_1
AWKEGQFKDII,1b89A_2
LKEVARVESF,1ndoA_2
LQPAKP,1cjaA_1
LVDRNVKI,1rdzA_1
VKRSTNIESET,1cjaA_2
LVRG,1cjaA_4
GNLDNIML,1cjaA_5
AKDPSW,1qrjB_1
VRNVRYSLKQL,3proD_1
CASFDLDAFERELLSW,1cjaA_7
YPFLARDPRFKHRVY,1ej6D_1
KRDKLEAWARED,1ej6D_2
LRHPL,1fpoA_1
HLPATI,1qcnB_1
AYRLAEQHRQI,1qhaA_1
VAEMDKIN,1bjnA_1
AEKLSKEEA,1fmtA_1
LTRGPRDKPTPLEELLPHA,1df1A_1
IETTGTYQL,1df1A_2
VLEVTM,1df1A_3
MGTEIG,1df1A_5
SFQKQNVTIMDH,1df1A_6
IRPRAIGGSKPRVA,6paxA_1
YIHGQPGILRQ,1fkmA_1
LPHGLGKQVRV,1ad2_1
KAGRIEF,1ad2_2
TLNWG,1dm0A_1
TLDFVGYPRFPAPVEFI,1al04_1
TSGIA,1cg2A_1
KVIVTRGRPAF,1cg2A_2
VSKLNELP,3ecaA_1
LARKHHLCG,2gstA_1
VPFLLEPDNINGKTC,1a73A_1
CEFCKCRLEPMKATC,1skz_1
PKPFELNTF,6mhtA_1
IGKQSPDINQGVDRADPLEQGA,1fugA_1
FGNSV,6mhtA_2
LMPA,1fugA_2
ARHGGGAFSGKDPS,1fugA_3
LPLDIRGTAFQQQV,1sfe_1
IPSKTTYPH,1g6oA_1
LTDSGTNAM,1tplA_1
IEHRVKQV,1tplA_2
LLGEN,1pii_1
KDLSEAQ,1a0p_1
ARTQYSESM,1pfo_1
AYK,1pfo_2
GRT,1pfo_3
IRKVIKDNATF,1pfo_4
AVHNKT,1pfo_5
AYVVLGQF,2ezxA_1
VTNTEKL,2qilA_1
CEALWTPAKII,1gpmA_1
LYRHPFPGPGLGVR,1gpmA_2
LRAQGLLKEAEHVESQSA,1b7eA_1
SMEGMK,1dl2A_1
IFVGTMANRFSDSTSEIDNLALL,1ajqA_1
TKKSNNM,1dl2A_2
LEPFIEASKEQGKTNG,1bmtA_1
AKAFDLFKYSGKQS,1cr5A_1
TDKEINPVVKENIEW,1f1zA_1
SKDSSVTV,1hcy_10
LSAYERSCGIPDRM,1hcy_11
VVLAQSNLNLDA,1skf_1
DKYGSGSTRAARVKSFI,1skf_2
VKTKAYTA,1skf_3
KKAKNAPPLRSIIC,1yrgA_1
AGDFLEANY,1c3d_1
AGSFF,2mbr_1
LEPEVR,2mbr_2
AKVDTSNEA,1ash_1
GQKILLA,1ash_2
REVTQLLT,1ewqA_1
YDPGAF,1ewqA_2
LIEVPIVGTT,1pkp_1
VEGFVREGALR,1ewqA_3
RAAHREGVAY,1ewqA_4
LEQNYRS,1pjr_1
LEKIRQDDTS,9icwA_1
KEKEREVYRL,1ewqA_5
LIPKDQYYC,9icwA_2
AARIL,1ewqA_6
ERRTEFVPNDLE,1ewqA_7
KSTFLRQ,1ewqA_8
FVKGTIA,1cwvA_1
LRKMRTGKP,1dd5A_1
PLFDGIYTR,1ewqA_9
FTADPIP,1cwvA_2
LFPVP,1cwvA_3
FPSPTTEQR,1dd5A_2
PNRWI,1cwvA_4
LDEGFTAKDI,7odcA_1
YVASA,7odcA_2
VPSERGLQRRRFVQNALNG,1aa7A_1
IQRKK,1bkdS_1
LTNILKTEEGNPEVL,1bkdS_2
FLEPSRLAALRRGTAGSVT,1fcfA_1
NASCT,1gd1O_1
EKNKRSTPYIERA,1dc1B_1
RQKVTINP,1fcfA_2
NETGYS,1gd1O_2
QGDSLGGTM,1dc1B_2
KQDENIVVNKF,1qfzA_1
PVGKEM,1qfzA_2
EKSEI,1cliA_1
ANHTYVPSETPAPLVSYREEEL,1yge_1
AFTYT,1wykA_1
ALEG,1botZ_1
LLAPTRIYVKSVLEL,1cliA_3
PEVREV,1botZ_2
LQEKAVIEREF,1botZ_3
PIRYDKNE,2pgi_1
IDRMMEG,2pgi_2
ILTHDSSIRYLQEIYNSNNQKIVNLKEKVAQLEAQCQEPCKDTVQIHDITG,1fzbF_1
YLEWLENLLTYLKSDYTQNNIHPNFV,1en7A_1
SLTDILSGKQGRFRQNLLGKRVDYSGRS,1hqmD_1
LSTTSGIITIGIDD,1hqmD_2
FPPTEEPDGPEI,1tf4A_1
GARKGGADTAL,1hqmD_3
VRVDPYL,2olbA_1
YVNA,2olbA_2
TSSSAPLMHA,1qaxA_1
LSNLA,1qaxA_2
HMALHARNIA,1qaxA_3
FYKPPVSPKEVA,1fgjA_1
ADHTKDIRMPT,1fgjA_2
DNCHTRHEFSAAESRKPEACATCH,1fgjA_3
ACHMEYEGEYTHNITRKTR,1fgjA_4
LAKYQEANAIV,1fgjA_5
ELKVLEM,1fgjA_6
CYDD,1bykA_1
VDPGYAEA,1bykA_2
HRDLA,1ex1A_1
RWLVLCN,8gpb_1
SGKFSS,8gpb_2
TFNDDIQG,1do8A_1
VKERTWRS,1do8A_2
GRTLATAVMR,1bi1_1
LGVXXXXXXXPGTRV,1bi1_2
REDCNSGLAFG,1f2dA_1
CSEHKYGG,1f2dA_2
TLDLQNVVMKIRMV,1b3qB_1
GIDKEKI,1b3qB_2
DVVKNVVESLNGSMGIESEKDKG,1b3qB_3
PEITHTEVFHPEDE,2bbkH_1
GEELRSVNQLGHG,2bbkH_2
MPNPRGYQS,1ahuA_1
WGEYRTH,1ahuA_2
PLACGI,1qrqA_1
LAI,1qrqA_2
AIQVLPKLSSSI,1qrqA_3
LKANPQPELLKHKVI,8atcA_1
AGDGSNQHP,8atcA_2
YFQQAGNG,8atcA_3
LNSIDQIIA,1d0bA_1
SINRDKHLA,1e96B_1
LFACEVLY,1e96B_2
VRLYPKEVKTELTRDVLT,1dlc_1
VDFFN,1dlc_2
ADKQMSELSCH,1huxA_1
DLLDVMRA,1fxxA_1
GLPSFRL,1fxxA_2
AKLVKTRQPRL,1fxxA_3
ADVYKL,1dowA_1
PSDNVDAQLYNGFFSDAD,1fxxA_4
EQQRWLEHRRQVFTPEFLQGYA,1fxxA_5
LKKEGSFE,1fa0B_1
QWKRTKDDKN,1qba_1
LNGTRVTDE,1fa0B_2
LRGKIVPTP,1qba_2
VESWYDEPKFV,1ak1_1
FEKNDF,1fa0B_3
PASELARI,1g7dA_1
VKCRIG,1oasA_1
DAPRF,1qba_3
MPNAKPEFI,1ak1_2
LQQFSNPANP,1oasA_2
NIRLGAG,1qba_4
QSYHN,1qipB_1
LPAPVGYAC,1scuB_1
VEAATDIAKEL,1scuB_2
MRDQSQEDPREAQA,1scuB_3
TATPPGSVT,1heiA_1
GCAWYELMPAETTVRLRA,1heiA_2
FQSGLDQTFQVEKRPH,1oacB_1
IPLVTKADGTKFGKTESGTI,2ts1_1
CTPRVC,1qubA_1
PKVSPEAVKKEAEL,1a6q_1
APIIC,1qubA_2
SGISKVFVGEV,1bh9B_1
CREVKC,1qubA_3
VRGSDLCLAPMVEC,1fp2A_1
CKASC,1qubA_4
PYLETNL,1boy_1
AMASDSKLI,1fp2A_2
HAKSGEDIFG,1a63_1
NDFNAELIN,2dpmA_1
ISAISVYINNNQLEIKVGDF,2dpmA_2
VPIIEKF,1bkb_1
PSEHVKP,1iarB_1
IHVTPR,1bif_1
CERED,1pda_1
QGAV,1pda_2
LNHHETALRVTA,1pda_3
TGSGVMA,1iow_1
VIDWKSIFQF,1jlxA_1
AAVLEYLTAEILELA,1aoiC_1
PQSLRDC,1gsa_1
LPL,1g5bB_1
YIDTGA,1g5bB_2
GRKMEHFFPNK,1qspA_1
VDTGNWF,1qlaB_1
AEDHQAL,1cjcA_1
SIGYKS,1cjcA_2
VTDQNDNRP,1edhA_1
PPSIKRKF,1ignA_1
PDNTLAWVWV,1bylA_1
MVC,1ex2A_1
LRRLS,1ex2A_2
DKTEV,1ex2A_3
VSTDSTPVTNQKSS,1gcb_1
GIQGRGALF,1ex2A_4
LDPSTPV,1gcb_2
TNLYGPHD,1bsvA_1
GTPMRE,1bsvA_2
TGVDCTIRELA,1bsvA_3
AEIKYDGV,1a0i_1
WQAAESYEV,1a0i_2
FFTTL,1f00I_1
MKPENEA,1a0i_3
PNSLIVP,1f00I_2
LDPAAPPEF,1qksA_1
LNNLKTTEISAERFLHD,1qksA_2
LELKHVIKDERLVTPTGKF,1qksA_3
ARKIVGA,1mhlC_1
YGHTLI,1mhlC_2
LDLPA,1mhlC_3
AVEA,3mbp_1
GDRFWW,1mhlC_4
FVGVL,3mbp_2
EEELAKDPRIAA,3mbp_3
ALGKVHETP,2mnr_1
TPLRPPVHEMDNETRKSLIA,1a8rA_1
LSTQP,1f48A_1
AKMYVDEIFSG,1a8rA_2
TERYRQHVLETKG,1f48A_2
RLDYDAVFGTALNR,1qrrA_1
TEQFSVNELA,1qrrA_3
VPNPRVEAEEH,1qrrA_4
FDVQSV,1qq5A_1
AQAYNRLTPY,1qq5A_2
ESCHGPGRNFRGDHRKS,1bvb_1
LLRFARA,1fuiA_1
GPQDMKMF,1f34B_1
SAAAATPAVRTVPQYKYAAGVRNPQQHLNAQPQVTMQQPAVHVQGQEPL,1g9lA_1
GDDVD,1pnkB_1
SRAWDGKEVAS,1pnkB_2
YPDRQSGH,1pnkB_3
YLSITFL,1a8d_1
TSRQD,1pnkB_5
AMAL,1pnkB_6
SRETRAPL,1yua_1
VIEVPPTLIY,1xgsA_1
IYGYPV,1xgsA_2
MVFG,1dik_1
VRKVRTEIA,1cz4A_1
LVDEGMITEEEAV,1dik_2
IETQEASVSGSFERI,1dik_3
ASDN,2dri_1
AQLP,2dri_2
CRLIPQHTGTF,1amm_1
LEFKMPADGRI,1alo_1
YFEQ,1alo_2
VGRQP,1alo_3
KRSPW,1alo_4
LSEDF,1alo_5
MMNYLLP,1oen_1
VFNFEG,1oen_2
HIDNIV,1oen_3
GMFSINRVYA,1dapA_1
GDTGGFNHTVEYILKLDRNP,1dapA_2
GVGAYRTDDCQPWVL,1ajsA_1
IGLDPGI,1ff9A_1
VKTMADR,1ajsA_2
PQFIKV,1ff9A_2
AQQQLPKNKV,1lbeA_1
ATLEEKMQF,1ff9A_3
TLEDTL,1lbeA_2
AMAKLVG,1ff9A_4
FWGMASSSY,1lbeA_3
KRRTTISIAA,1au7A_1
LKKSLDF,1qs2A_1
AETHLAQY,1efdN_1
AASEEPGIISTH,1eblA_1
DNVVVT,1eblA_2
GSFDVNG,1dkiC_1
AVRDGRIKPGQ,1eblA_3
PREMEGWRGAEL,1g71A_1
GQELDRVM,1fp3A_1
SASEI,1g71A_2
YYSQHNS,4aahA_1
YAQLGHWCA,1fp3A_2
TRFSKAYF,1g71A_3
HEGAPL,4aahA_2
QKTPHDE,4aahA_3
ATLITSTIDHRDHPFI,1dquA_1
ILFNP,1f13A_1
PRTREGYYRYQGGT,1dquA_2
LQMDI,1f13A_2
SGRS,1mrp_1
LEAQKQKEQRQAAEELANA,1div_1
SDLI,1f13A_4
HGPS,1fdo_1
LVSYS,1mrp_2
LDSGA,2cmkA_1
VRGQN,1fdo_2
VVSPFNLEPYEKL,1mrp_3
AGLYSL,2hgsA_1
VREALLRRQRAFRELPG,2cmkA_2
ARFTLAVGDNRVLDMASTYFD,1dhx_1
AKKPLNTEGVMKSRSN,1f13A_6
CRDTSDADQGTSYLF,1fdo_3
LMEKI,2hgsA_2
EEEDEDE,1dhx_2
LTIPEI,1f13A_7
LHTGIG,1qolC_1
SMPNRP,1dhx_3
DSYDPDVRII,1dhx_4
VTYKHHEPTG,1anv_1
LLNALVMV,1anv_2
MDNVNPF,1dhx_9
TSINAGRL,1a4iB_1
SGTAINYDENLVT,1fohC_1
FDRNRPS,1t1dA_1
YLSSHIAHVERVPFDAATL,1d0nA_1
IDMSLKPN,1pvdA_1
PARTPANAAVPASTPL,1pvdA_2
INIAF,1dn1A_1
GGNC,1brmC_1
CMKHYQGTVDKL,1dn1A_2
FEIQGDVI,1kit_1
TDSTLRRRSKPERKERISEQTYQLSRWTP,1dn1A_3
YVREEVFTNNADVVAEKALKPESDITFSKQTA,1fh6A_1
LMYGLA,1fh6A_2
GLNKVATAY,1fh6A_3
GFDMASQ,1fh6A_4
TRYVQSSQTLD,1aym1_1
GYTYINP,1g3p_1
NPEVKKTSW,1mseC_1
VLEMV,1cczA_1
PAVPPP,1fnf_1
TGLDSP,1fnf_2
AMSLYLAGEISLLILDEPT,1f2uB_1
TVSDVP,1fnf_3
AMGLI,1qazA_1
QNYAML,1qazA_2
VPVIGT,1jdbK_1
SGAKNA,1nawA_1
YAYKENGRDIHS,1qazA_3
VERLKLKQPANA,1jdbK_2
VLPDRI,1nawA_2
QDTRAFKPGRG,1qazA_4
AVGMAMAQANLA,1tkbA_1
LDHFLDDA,1jdbK_3
SNSTMKKHGR,1jdbK_4
NNKWNKLF,1tkbA_3
VHYDTTLNG,1jdbK_5
SETVLEDV,1tkbA_5
SALSGHPVI,1tkbA_6
IVKDATT,1e7uA_1
YLALRHHTNL,1e7uA_2
IEYIRDALT,1e7uA_3
IQVKDSAQN,1cx8A_1
CYLQSFWTGSY,1gah_1
AHLGTG,1cx8A_2
RNSVVPPSWGETSA,1gah_2
LSETKEI,1repC_1
NVLKEI,1cx8A_4
THDVELNLDY,1cx8A_5
AIENMRKSGAIKA,1efuB_1
AASKPEFIKPEDVSAEVVEKEYQVQL,1efuB_2
FTGEVSLTGQPF,1efuB_3
FEPIRPYEFTGRGDRIGWV,2gep_1
LMNAVTPQ,2gep_2
ALRGLFYA,1b8fA_1
LRQAAEVL,1b8fA_2
ADNLALA,1b8fA_3
NKALSHPHS,1b8fA_4
TGAVMHY,2mysA_1
DSVI,1dnpA_1
GKRLWEM,1b8fA_5
AVYE,2mysA_2
LREGMPECVAAP,1dnpA_2
DIAGFEIFDFN,2mysA_3
YPRQSFDTAHFP,1dnpA_3
HLITYHPSLCKHRP,1dnpA_4
GMDLAAC,2mysA_5
DPL,2mysA_6
FATYXXXXXXXXXXXXXXXXXXXXQT,2mysA_7
GCFAPLEV,1fezA_1
IRICRKGFPSRVLY,2mysA_8
FEEILFAIL,1fezA_2
FFXAGLLG,2mysA_9
VSSAKTTAP,1igtB_1
EPRGPTIXXKPCPPCKCPAPNLLGGP,1igtB_2
IYQLQDDDCT,1lbu_1
IXSKPKGXSVRAP,1igtB_3
GSAEIDCM,1tfr_1
NLVLI,1tfr_2
ARKFLL,1qd1B_1
ADRIVMDGEVITVGGIVFTA,1smlA_1
LPTVQFDFT,1jmcA_1
AANEIARVTGETSTWGPARQ,1bvp1_1
VPMLADRT,2tohA_1
SMDKTLNQYPAL,1bvp1_2
IQKRAEG,1xikB_1
VSLRELKKKLY,1xikB_2
LHL,1xikB_4
YHWN,1al3_1
FSHSTT,1al3_2
VYQSLTRI,1ejjA_1
FKPTNLDN,1ejjA_2
ENPGVTQLNRLAAHPPFAS,1bglA_1
VCKLKP,1fjrA_1
LLHKPTT,1bglA_3
VGF,1bglA_4
CFVGGEDHSSEMHSS,1tocR_1
MKQNNFNAVRC,1bglA_5
TDIICP,1bglA_6
GFVWDW,1bglA_7
GKASSAKQRLK,1uor_1
MIEEMVIDAKH,1ixmB_1
HMNDFQLS,1qkjA_1
ADLPSLAADFVE,1uor_2
LNKTRAKKAEW,1qkjA_2
LRLE,1rblA_1
HFVKMV,2pgd_1
FKPLVEEP,1uor_3
FDTAF,1g99A_1
DETYVPKEFNAETF,1uor_4
HTYLREMEVKC,1finB_1
APTV,1finB_2
PTEEQKRMLLLP,1bcmB_1
VQECXXXXXXXXIRG,1kcw_1
VNQCRRQSEDSTFYLG,1kcw_2
VVTAGLDHLPWESIPPHVTVAGNA,1qp8A_1
AEQKP,1e5dA_1
GGYGNERVWRQ,1qp8A_2
FGQTQGRSPQLLNRM,1cv8_1
STGYGS,3btoA_1
RTWKGAIF,3btoA_2
ASIPCPRSE,1ebmA_1
LEAVRKYFQLDVTL,1ebmA_3
RLLRQDP,1ebmA_4
IPQI,1ewtA_1
VPSDTLQ,1ewtA_2
IKLQSPEV,1ewtA_3
APGRY,1ewtA_4
VLALAQIEN,1dg3A_1
LGMRISALQSLSDTPSPVQW,1ej6A_1
NQEAS,1dg3A_2
LQENL,1ev7A_1
ASAKMLHEMQRKNEQ,1dg3A_3
FGVIEPG,1b74A_1
VDSSEAL,1b74A_2
IRDL,1ecl_1
PPPYQPL,1ois_1
WEAHYEVLPGKEKV,1ecl_2
FQLQKEQKKQL,1ois_2
LNIDRVNA,1ecl_3
VEPPDL,1ois_3
GFFRPDEAHQPHF,2arcB_1
EREIKAFVPEEF,1ecl_4
VLEREDKPTTSKP,1ecl_5
AKY,1ecl_6
LTPAQHFTKPPAR,1ecl_7
VLATDMSKH,1f0jA_1
TEELKYSVDQESL,1i1iP_1
PFAEYSSLDELF,1eumA_1
LVASRLVN,1i1iP_2
AVEILARHHDYSLP,2tct_1
YGYLWS,1i1iP_3
GVTPSTTALPDIVNLSTNYLDKNTREDRIHSIKDF,1b35B_1
INFYGELV,2reb_1
LFMKNSLSII,1auwA_1
LGEVKKRINVL,1auwA_2
FVVEF,1auwA_3
LASILMVLKGLPST,1auwA_4
LTPEMLA,1auwA_6
VSQVFNFVNSV,1auwA_7
CNNPHRIL,1hghA_1
PLGNGFPVAEVTSTDKI,1ep1B_1
IMRS,1hghA_2
ATPKIAGI,1fviA_1
RLGITRDWESRW,1fjgC_1
IPLIPVEI,1fviA_2
LNVQEVQNPNLSA,1fjgC_2
MKQFKDA,1fviA_3
VISVPVQPRA,1prs_1
GLANQEV,1csh_1
SKDKSSTEE,1ospO_1
AVTLDMLDLGAA,1e79H_1
IRSRKM,1bl0A_1
GVDFYSIV,1e69A_1
LIRDSDEVVRRAVA,1lrv_1
FMRDEDRQVRKLVA,1lrv_2
LGNSL,1amf_1
HKKVEY,1amf_2
VEIYS,1vcaA_1
QMALHANVTGAMNYTWATCTINTHAPRSML,3sc2B_1
VKYQLAGPI,1dekA_1
YWVKLF,1dekA_2
PSQDEWGTTP,1dat_1
PGPNPV,1cknA_1
EKTDGIR,1cknA_2
LRYKEWI,1cknA_3
LKPGTHHTI,1cknA_4
VNNYEDSILP,1ordA_1
