ORF,mRNA
YAL001C,37.8
YAL002W,22.17
YAL003W,4621.86
YAL004W,0
YAL005C,0
YAL007C,212.42
YAL008W,0
YAL009W,34.96
YAL010C,16.67
YAL011W,17.4
YAL012W,568.34
YAL013W,25.52
YAL014C,63.3
YAL015C,23.07
YAL016C-A,0
YAL016C-B,0
YAL016W,143.3
YAL017W,50.59
YAL018C,0.15
YAL019W,0
YAL019W-A,0
YAL020C,25.42
YAL021C,92.55
YAL022C,61.02
YAL023C,342.36
YAL024C,25.86
YAL025C,58.06
YAL026C,74.53
YAL026C-A,0
YAL027W,18.86
YAL028W,8.11
YAL029C,0
YAL030W,127.45
YAL031C,26.23
YAL031W-A,0
YAL032C,24.41
YAL033W,0
YAL034C,18.23
YAL034C-B,0
YAL034W-A,0
YAL035W,403.98
YAL036C,147.38
YAL037C-A,0
YAL037C-B,0
YAL037W,4.79
YAL038W,0
YAL039C,21.95
YAL040C,35.55
YAL041W,53.48
YAL042C-A,0
YAL042W,263.39
YAL043C,55.3
YAL044C,450.75
YAL044W-A,0
YAL045C,0
YAL046C,106.35
YAL047C,16.69
YAL047W-A,0
YAL048C,19.11
YAL049C,94.23
YAL051W,32.25
YAL053W,63.73
YAL054C,13.87
YAL055W,0
YAL056C-A,0
YAL056W,39.15
YAL058W,44.41
YAL059C-A,0
YAL059W,85.66
YAL060W,187.71
YAL061W,21.72
YAL062W,0
YAL063C,0
YAL063C-A,0
YAL064C-A,0
YAL064W,0
YAL064W-B,0
YAL065C,0
YAL066W,0
YAL067C,2.24
YAL067W-A,0
YAL068C,0
YAL068W-A,0
YAL069W,0
YAR002C-A,0
YAR002W,70.67
YAR003W,33.96
YAR007C,82.58
YAR008W,28.99
YAR009C,0
YAR010C,0
YAR014C,69.97
YAR015W,215.51
YAR018C,34.73
YAR019C,16.27
YAR019W-A,0
YAR020C,0
YAR023C,10.17
YAR027W,66.39
YAR028W,37.65
YAR029W,11.31
YAR030C,0
YAR031W,0
YAR033W,0
YAR035C-A,0
YAR035W,6.45
YAR042W,62.26
YAR047C,0
YAR050W,0
YAR053W,0
YAR060C,0
YAR061W,0
YAR064W,0
YAR066W,0
YAR068W,0
YAR069C,0
YAR070C,0
YAR071W,0
YAR073W,0
YAR075W,0
YBL001C,280.62
YBL002W,1005.7
YBL003C,0
YBL004W,150.68
YBL005W,30.05
YBL005W-A,0
YBL005W-B,0
YBL006C,103.9
YBL006W-A,0
YBL007C,192.07
YBL008W,30.82
YBL008W-A,0
YBL009W,33.42
YBL010C,22.15
YBL011W,86.24
YBL012C,0
YBL013W,11.78
YBL014C,38.53
YBL015W,32.09
YBL016W,49.77
YBL017C,121.31
YBL018C,95.47
YBL019W,11.83
YBL020W,53.16
YBL021C,41.35
YBL022C,157.63
YBL023C,45.47
YBL024W,171.82
YBL025W,28.85
YBL026W,210.33
YBL027W,0
YBL028C,190.36
YBL029C-A,0
YBL029W,3.01
YBL030C,462.74
YBL031W,23.59
YBL032W,185.75
YBL033C,46.79
YBL034C,29.11
YBL035C,37
YBL036C,119.49
YBL037W,36.83
YBL038W,61.09
YBL039C,307.44
YBL039C-A,0
YBL039W-B,0
YBL040C,0
YBL041W,287.94
YBL042C,79.94
YBL043W,0.96
YBL044W,1.21
YBL045C,121.69
YBL046W,24.89
YBL047C,170.63
YBL048W,0
YBL049W,3.21
YBL050W,137.87
YBL051C,97.1
YBL052C,38.97
YBL053W,0
YBL054W,32.53
YBL055C,43.92
YBL056W,217.36
YBL057C,103.87
YBL058W,173.47
YBL059C-A,0
YBL059W,22.95
YBL060W,17.26
YBL061C,69.23
YBL062W,0
YBL063W,24.72
YBL064C,116.34
YBL065W,0
YBL066C,17.83
YBL067C,71.68
YBL068W,101.9
YBL068W-A,0
YBL069W,44.74
YBL070C,0
YBL071C,0
YBL071C-B,0
YBL071W-A,0
YBL072C,0
YBL073W,0
YBL074C,28.42
YBL075C,21.92
YBL076C,786.05
YBL077W,0
YBL078C,29.02
YBL079W,102.75
YBL080C,16.56
YBL081W,0
YBL082C,55.02
YBL083C,0
YBL084C,0
YBL085W,52.08
YBL086C,21.23
YBL087C,0
YBL088C,20.5
YBL089W,25.63
YBL090W,66.73
YBL091C,172.89
YBL091C-A,0
YBL092W,0
YBL093C,76.73
YBL094C,0
YBL095W,0
YBL096C,0
YBL097W,27.15
YBL098W,38.3
YBL099W,480.23
YBL100C,0
YBL100W-A,0
YBL100W-B,0
YBL100W-C,0
YBL101C,39.7
YBL102W,115.37
YBL103C,25.01
YBL104C,33.33
YBL105C,57.94
YBL106C,23.19
YBL107C,49.72
YBL107W-A,0
YBL108C-A,0
YBL108W,0
YBL109W,0
YBL111C,0
YBL112C,0
YBL113C,0
YBL113W-A,0
YBR001C,50.73
YBR002C,53.17
YBR003W,54.21
YBR004C,31.37
YBR005W,23.8
YBR006W,19.41
YBR007C,19.79
YBR008C,17.15
YBR009C,0
YBR010W,0
YBR011C,1719.59
YBR012C,0
YBR012W-A,0
YBR012W-B,0
YBR013C,42.35
YBR014C,86.55
YBR015C,165.86
YBR016W,0
YBR017C,135.63
YBR018C,2.29
YBR019C,0.63
YBR020W,9.41
YBR021W,17.65
YBR022W,45.04
YBR023C,79.04
YBR024W,23.05
YBR025C,904.47
YBR026C,78.23
YBR027C,0
YBR028C,50.9
YBR029C,98.21
YBR030W,35.13
YBR031W,0
YBR032W,0
YBR033W,0.96
YBR034C,172.39
YBR035C,207.43
YBR036C,132.28
YBR037C,40.71
YBR038W,71.24
YBR039W,203.82
YBR040W,0.5
YBR041W,72.17
YBR042C,60.37
YBR043C,26.79
YBR044C,27.88
YBR045C,5.93
YBR046C,52.01
YBR047W,18.56
YBR048W,0
YBR049C,95.57
YBR050C,4.66
YBR051W,0
YBR052C,187.95
YBR053C,58.97
YBR054W,46.93
YBR055C,39.91
YBR056C-B,0
YBR056W,72.59
YBR056W-A,0
YBR057C,30.66
YBR058C,61.57
YBR058C-A,0
YBR059C,76
YBR060C,41.51
YBR061C,58.74
YBR062C,51.4
YBR063C,28.14
YBR064W,0
YBR065C,36.64
YBR066C,48.1
YBR067C,225.68
YBR068C,277.83
YBR069C,270.96
YBR070C,48.59
YBR071W,48.98
YBR072C-A,0
YBR072W,58.64
YBR073W,79.83
YBR074W,84.92
YBR076C-A,0
YBR076W,0.56
YBR077C,70.18
YBR078W,1212.93
YBR079C,326.79
YBR080C,111.22
YBR081C,43.38
YBR082C,511.1
YBR083W,53.37
YBR084C-A,0
YBR084W,0
YBR085C-A,0
YBR085W,23.57
YBR086C,173.5
YBR087W,59.92
YBR088C,176.64
YBR089C-A,0
YBR089W,0
YBR090C,0
YBR091C,62.31
YBR092C,0
YBR093C,0
YBR094W,44.7
YBR095C,33.99
YBR096W,153.21
YBR097W,26.88
YBR098W,13.46
YBR099C,0
YBR101C,105.05
YBR102C,39.35
YBR103C-A,0
YBR103W,34.59
YBR104W,45.03
YBR105C,31
YBR106W,1163.61
YBR107C,20.89
YBR108W,21.52
YBR109C,403.76
YBR109W-A,0
YBR110W,66.09
YBR111C,187.48
YBR111W-A,0
YBR112C,0
YBR113W,0
YBR114W,17.63
YBR115C,118.79
YBR116C,0
YBR117C,1.23
YBR118W,0
YBR119W,31.05
YBR120C,38.28
YBR121C,714.68
YBR121C-A,0
YBR122C,94.54
YBR123C,31.17
YBR124W,0
YBR125C,47.96
YBR126C,206.8
YBR126W-A,0
YBR126W-B,0
YBR127C,1018.94
YBR128C,5.72
YBR129C,46.81
YBR130C,78.97
YBR131C-A,0
YBR131W,16.99
YBR132C,33.86
YBR133C,0
YBR134W,0
YBR135W,83.34
YBR136W,25.81
YBR137W,83.03
YBR138C,17.09
YBR139W,89.52
YBR140C,63.73
YBR141C,21.47
YBR141W-A,0
YBR142W,71.18
YBR143C,490.01
YBR144C,0
YBR145W,23.98
YBR146W,92.23
YBR147W,2.33
YBR148W,4.69
YBR149W,208.59
YBR150C,0
YBR151W,116.03
YBR152W,22.66
YBR153W,28.04
YBR154C,233.48
YBR155W,62.64
YBR156C,18.33
YBR157C,38.02
YBR158W,240.96
YBR159W,218.84
YBR160W,67.55
YBR161W,31.28
YBR162C,590.03
YBR162W-A,0
YBR163W,31.97
YBR164C,156.79
YBR165W,28.96
YBR166C,55.64
YBR167C,32.69
YBR168W,24.55
YBR169C,53.33
YBR170C,70.94
YBR171W,144.06
YBR172C,60.32
YBR173C,124.7
YBR174C,0
YBR175W,35
YBR176W,33.13
YBR177C,0
YBR178W,0
YBR179C,0
YBR180W,0.43
YBR181C,0
YBR182C,3.81
YBR182C-A,0
YBR183W,30.84
YBR184W,6.96
YBR185C,39.48
YBR186W,0.61
YBR187W,191.23
YBR188C,31.29
YBR189W,4449.24
YBR190W,0
YBR191W,0
YBR191W-A,0
YBR192W,39.29
YBR193C,36.41
YBR194W,38.01
YBR195C,26.94
YBR196C,2342.93
YBR196C-A,0
YBR196C-B,0
YBR197C,37.65
YBR198C,69.01
YBR199W,130.67
YBR200W,48.59
YBR200W-A,0
YBR201C-A,0
YBR201W,28.92
YBR202W,66.4
YBR203W,5.38
YBR204C,33.6
YBR205W,177.37
YBR206W,0
YBR207W,67.31
YBR208C,47.39
YBR209W,0
YBR210W,66.54
YBR211C,26.43
YBR212W,48.34
YBR213W,16.7
YBR214W,28.58
YBR215W,24.1
YBR216C,37.09
YBR217W,24.08
YBR218C,0
YBR219C,0
YBR220C,58.27
YBR221C,617.2
YBR221W-A,0
YBR222C,92.36
YBR223C,15.2
YBR223W-A,0
YBR224W,0
YBR225W,19.8
YBR226C,0
YBR227C,40.51
YBR228W,22.5
YBR229C,82.59
YBR230C,124.87
YBR230W-A,0
YBR231C,20.79
YBR232C,0
YBR233W,21.93
YBR233W-A,0
YBR234C,181.73
YBR235W,37.44
YBR236C,58.47
YBR237W,0
YBR238C,37.43
YBR239C,13.86
YBR240C,3.83
YBR241C,22.39
YBR242W,56.25
YBR243C,72.72
YBR244W,150.38
YBR245C,82.61
YBR246W,46.04
YBR247C,82.53
YBR248C,80.95
YBR249C,457.56
YBR250W,3.29
YBR251W,49.54
YBR252W,186.48
YBR253W,72.8
YBR254C,63.84
YBR255C-A,0
YBR255W,19.5
YBR256C,116.83
YBR257W,29.28
YBR258C,15.25
YBR259W,18.74
YBR260C,45.08
YBR261C,117.1
YBR262C,89.61
YBR263W,355.05
YBR264C,50.95
YBR265W,72.44
YBR266C,0
YBR267W,68.12
YBR268W,96.55
YBR269C,90.23
YBR270C,6.23
YBR271W,35.47
YBR272C,40.5
YBR273C,53.96
YBR274W,31.1
YBR275C,34.8
YBR276C,63
YBR277C,0
YBR278W,37.71
YBR279W,77.53
YBR280C,14.37
YBR281C,45.52
YBR282W,84.61
YBR283C,323.91
YBR284W,4.57
YBR285W,3.76
YBR286W,744.17
YBR287W,100.62
YBR288C,64.6
YBR289W,31.81
YBR290W,42.01
YBR291C,24.69
YBR292C,0
YBR293W,19.31
YBR294W,0.23
YBR295W,0
YBR296C,11.49
YBR296C-A,0
YBR297W,0
YBR298C,9.14
YBR298C-A,0
YBR299W,0
YBR300C,0
YBR301W,0
YBR302C,0
YCL001W,179.06
YCL001W-A,0
YCL001W-B,0
YCL002C,49.78
YCL004W,15.49
YCL005W,0
YCL005W-A,0
YCL007C,0
YCL008C,32.34
YCL009C,500.59
YCL010C,69.36
YCL011C,177.03
YCL012C,38.2
YCL014W,51.98
YCL016C,19.43
YCL017C,144.18
YCL018W,0
YCL019W,0
YCL020W,0
YCL021W-A,0
YCL022C,0
YCL023C,0
YCL024W,26.34
YCL025C,32.58
YCL026C-A,0
YCL026C-B,0
YCL027W,17.49
YCL028W,150.8
YCL029C,33.44
YCL030C,317.71
YCL031C,121.79
YCL032W,27.59
YCL033C,71.19
YCL034W,91.48
YCL035C,255.92
YCL036W,29.74
YCL037C,289.73
YCL038C,27.22
YCL039W,20.35
YCL040W,0
YCL041C,0
YCL042W,0
YCL043C,937.43
YCL044C,25.73
YCL045C,183.91
YCL046W,0
YCL047C,38.15
YCL048W,0
YCL048W-A,0
YCL049C,23.82
YCL050C,224.61
YCL051W,27.6
YCL052C,43.65
YCL054W,92.75
YCL054W-A,0
YCL055W,41.87
YCL056C,16.75
YCL057C-A,0
YCL057W,144.67
YCL058C,0
YCL058W-A,0
YCL059C,164.62
YCL061C,33.27
YCL063W,36.42
YCL064C,406.84
YCL065W,0
YCL066W,0
YCL067C,0
YCL068C,0
YCL069W,0
YCL073C,0
YCL074W,0
YCL075W,0
YCL076W,0
YCR001W,0
YCR002C,118.15
YCR003W,43.03
YCR004C,257.43
YCR005C,109.34
YCR006C,0
YCR007C,12.97
YCR008W,113.12
YCR009C,191.66
YCR010C,0.35
YCR011C,106.73
YCR012W,0
YCR013C,0
YCR014C,14.38
YCR015C,23.91
YCR016W,60.75
YCR017C,133.44
YCR018C,0
YCR018C-A,0
YCR019W,24
YCR020C,15.57
YCR020C-A,0
YCR020W-B,0
YCR021C,7.12
YCR022C,0
YCR023C,42.37
YCR024C,13.5
YCR024C-A,0
YCR024C-B,0
YCR025C,0
YCR026C,38.14
YCR027C,31.08
YCR028C,41.14
YCR028C-A,0
YCR030C,52.33
YCR031C,0
YCR032W,26.09
YCR033W,50.66
YCR034W,234.02
YCR035C,62.58
YCR036W,75.52
YCR037C,36.15
YCR038C,0
YCR038W-A,0
YCR039C,0
YCR040W,0
YCR041W,0
YCR042C,41.17
YCR043C,156.56
YCR044C,0
YCR045C,0.2
YCR045W-A,0
YCR046C,100.18
YCR047C,56.02
YCR047W-A,0
YCR048W,84.79
YCR049C,0
YCR050C,0
YCR051W,152.08
YCR052W,90.99
YCR053W,504.78
YCR054C,26.92
YCR057C,104.19
YCR059C,80.88
YCR060W,82.02
YCR061W,0
YCR063W,24.14
YCR064C,0
YCR065W,59.25
YCR066W,10.31
YCR067C,64.23
YCR068W,32.94
YCR069W,97.19
YCR071C,67.08
YCR072C,59.15
YCR073C,12.02
YCR073W-A,0
YCR075C,34.45
YCR075W-A,0
YCR076C,32.48
YCR077C,123.41
YCR079W,17.59
YCR081C-A,0
YCR081W,29.25
YCR082W,248.76
YCR083W,105.4
YCR084C,183.33
YCR085W,0
YCR086W,25.9
YCR087C-A,0
YCR087W,0
YCR088W,0
YCR089W,12.91
YCR090C,118.17
YCR091W,9.02
YCR092C,26.69
YCR093W,139.22
YCR094W,68.09
YCR095C,36.16
YCR095W-A,0
YCR096C,0
YCR097W,132.41
YCR097W-A,0
YCR098C,4.18
YCR099C,10.8
YCR100C,7.01
YCR101C,7.3
YCR102C,0
YCR102W-A,0
YCR104W,0
YCR105W,2.45
YCR106W,18.99
YCR107W,0
YCR108C,0
YDL001W,24.95
YDL002C,51.4
YDL003W,0
YDL004W,248.23
YDL005C,44.3
YDL006W,52.72
YDL007C-A,0
YDL007W,192.02
YDL008W,59.65
YDL009C,0
YDL010W,42.4
YDL011C,0
YDL012C,0
YDL013W,29.58
YDL014W,0
YDL015C,243.37
YDL016C,0
YDL017W,18.15
YDL018C,68.46
YDL019C,67.09
YDL020C,90.64
YDL021W,23.26
YDL022C-A,0
YDL022W,0
YDL023C,0
YDL024C,4.42
YDL025C,29.37
YDL025W-A,0
YDL026W,0
YDL027C,26.83
YDL028C,31.63
YDL029W,0
YDL030W,25.35
YDL031W,99.76
YDL032W,0
YDL033C,20.65
YDL034W,0
YDL035C,47.11
YDL036C,33.24
YDL037C,0
YDL039C,0
YDL040C,183.37
YDL041W,0
YDL042C,0
YDL043C,30.53
YDL044C,20.58
YDL045C,30.88
YDL045W-A,0
YDL046W,187.47
YDL047W,84.19
YDL048C,3.41
YDL049C,5.88
YDL050C,0
YDL051W,314.44
YDL052C,157.23
YDL053C,104.55
YDL054C,26.84
YDL055C,1829.66
YDL056W,34.33
YDL057W,15.3
YDL058W,86.8
YDL059C,15.92
YDL060W,0
YDL061C,0
YDL062W,0
YDL063C,76.52
YDL064W,178.05
YDL065C,54.83
YDL066W,376.01
YDL067C,0
YDL068W,0
YDL069C,15.26
YDL070W,134.61
YDL071C,0
YDL072C,216.25
YDL073W,41.06
YDL074C,93.37
YDL075W,4109.63
YDL076C,44.86
YDL077C,31.15
YDL078C,161.27
YDL079C,4.32
YDL080C,23.6
YDL081C,3789.05
YDL082W,0
YDL083C,0
YDL084W,959.35
YDL085C-A,0
YDL085W,1.26
YDL086C-A,0
YDL086W,142.96
YDL087C,26.4
YDL088C,55.09
YDL089W,34.06
YDL090C,33.91
YDL091C,24.23
YDL092W,140.9
YDL093W,46.7
YDL094C,0
YDL095W,321.61
YDL096C,0
YDL097C,212.39
YDL098C,37.04
YDL099W,56.29
YDL100C,439.59
YDL101C,36.84
YDL102W,40.91
YDL103C,85.94
YDL104C,8.83
YDL105W,16.65
YDL106C,27.12
YDL107W,19.35
YDL108W,34.9
YDL109C,13.77
YDL110C,51.18
YDL111C,86.36
YDL112W,84.21
YDL113C,32.53
YDL114W,0
YDL114W-A,0
YDL115C,26.63
YDL116W,65.08
YDL117W,54.5
YDL118W,0
YDL119C,18.6
YDL120W,118.23
YDL121C,168.45
YDL122W,97.09
YDL123W,27.42
YDL124W,274.31
YDL125C,421.75
YDL126C,0
YDL127W,36.43
YDL128W,115.67
YDL129W,18.1
YDL130W,3547.16
YDL130W-A,0
YDL131W,0
YDL132W,98.61
YDL133C-A,0
YDL133W,34.24
YDL134C,0
YDL135C,159.09
YDL136W,0
YDL137W,0
YDL138W,17.35
YDL139C,13.9
YDL140C,271.49
YDL141W,66.76
YDL142C,21.91
YDL143W,292.02
YDL144C,71.61
YDL145C,347.74
YDL146W,27.97
YDL147W,217.54
YDL148C,78.32
YDL149W,10.56
YDL150W,63.09
YDL151C,0
YDL152W,0
YDL153C,58.33
YDL154W,11.14
YDL155W,58.67
YDL156W,22.34
YDL157C,215.63
YDL158C,0
YDL159C-B,0
YDL159W,24.18
YDL159W-A,0
YDL160C,239.75
YDL160C-A,0
YDL161W,57.02
YDL162C,0
YDL163W,0
YDL164C,39.89
YDL165W,72.4
YDL166C,73.45
YDL167C,72.97
YDL168W,109.27
YDL169C,2.43
YDL170W,18.83
YDL171C,252.34
YDL172C,0
YDL173W,108.11
YDL174C,64.64
YDL175C,29.04
YDL176W,20.37
YDL177C,26.34
YDL178W,62.96
YDL179W,35.78
YDL180W,25.1
YDL181W,43.42
YDL182W,0
YDL183C,7.69
YDL184C,0
YDL185C-A,0
YDL185W,1078.54
YDL186W,0.18
YDL187C,0
YDL188C,0
YDL189W,64.08
YDL190C,70.57
YDL191W,0
YDL192W,1175.71
YDL193W,77.56
YDL194W,10.97
YDL195W,225.31
YDL196W,0
YDL197C,27
YDL198C,58.4
YDL199C,8.02
YDL200C,33.77
YDL201W,111.51
YDL202W,58.31
YDL203C,33.1
YDL204W,15.03
YDL205C,99.63
YDL206W,13.76
YDL207W,34.3
YDL208W,390.56
YDL209C,18.73
YDL210W,1.55
YDL211C,11.64
YDL212W,280.05
YDL213C,96.9
YDL214C,2.39
YDL215C,47.05
YDL216C,12.53
YDL217C,0
YDL218W,3.26
YDL219W,121.4
YDL220C,17.84
YDL221W,0
YDL222C,6.69
YDL223C,14.73
YDL224C,50.81
YDL225W,68.95
YDL226C,193.78
YDL227C,97.76
YDL228C,0
YDL229W,0
YDL230W,27.91
YDL231C,29.88
YDL232W,191.39
YDL233W,20.85
YDL234C,21.57
YDL235C,159.43
YDL236W,122.56
YDL237W,111.43
YDL238C,22.64
YDL239C,13.95
YDL240C-A,0
YDL240W,31.65
YDL241W,30.81
YDL242W,0
YDL243C,0
YDL244W,0
YDL245C,0
YDL246C,0
YDL247W,0
YDL247W-A,0
YDL248W,0
YDR001C,0
YDR002W,885.86
YDR003W,49.68
YDR003W-A,0
YDR004W,23.64
YDR005C,43.73
YDR006C,39.33
YDR007W,75.14
YDR008C,0
YDR009W,3.5
YDR010C,0
YDR011W,254.14
YDR012W,0
YDR013W,43.54
YDR014W,15.75
YDR014W-A,0
YDR015C,0
YDR016C,76.96
YDR017C,56.01
YDR018C,1.49
YDR019C,167.82
YDR020C,32.24
YDR021W,25.9
YDR022C,25.61
YDR023W,0
YDR024W,0
YDR025W,0
YDR026C,39.2
YDR027C,36.98
YDR028C,108.48
YDR029W,0
YDR030C,8.07
YDR031W,30.5
YDR032C,327.85
YDR033W,1134.09
YDR034C,38.37
YDR034C-A,0
YDR034C-C,0
YDR034C-D,0
YDR034W-B,0
YDR035W,177.17
YDR036C,62.7
YDR037W,738.13
YDR038C,0
YDR039C,0
YDR040C,0
YDR041W,62.31
YDR042C,5.41
YDR043C,15.34
YDR044W,90.78
YDR045C,0
YDR046C,124.91
YDR047W,92.86
YDR048C,0
YDR049W,32.55
YDR050C,6891.62
YDR051C,58.5
YDR052C,40.76
YDR053W,0
YDR054C,0
YDR055W,111.07
YDR056C,121.96
YDR057W,28.15
YDR058C,14.34
YDR059C,28.27
YDR060W,157.82
YDR061W,0
YDR062W,187.82
YDR063W,112.3
YDR064W,0
YDR065W,19.28
YDR066C,12.3
YDR067C,32.74
YDR068W,57.95
YDR069C,22.48
YDR070C,8.47
YDR071C,286.01
YDR072C,63.69
YDR073W,65.23
YDR074W,115.62
YDR075W,36.75
YDR076W,13.82
YDR077W,0
YDR078C,20.52
YDR079C-A,0
YDR079W,38.13
YDR080W,25.9
YDR081C,31.76
YDR082W,17.73
YDR083W,0
YDR084C,75.43
YDR085C,10.95
YDR086C,896.32
YDR087C,99.67
YDR088C,22.67
YDR089W,53.18
YDR090C,31.75
YDR091C,217.58
YDR092W,142.18
YDR093W,85.61
YDR094W,0
YDR095C,0
YDR096W,0
YDR097C,52.03
YDR098C,168.71
YDR098C-A,0
YDR098C-B,0
YDR099W,0
YDR100W,113.57
YDR101C,127.81
YDR102C,0
YDR103W,34.78
YDR104C,13.08
YDR105C,51.92
YDR106W,3.99
YDR107C,30.76
YDR108W,25.95
YDR109C,21.34
YDR110W,34.95
YDR111C,29.61
YDR112W,0
YDR113C,26.26
YDR114C,0.98
YDR115W,85.77
YDR116C,48.87
YDR117C,53.05
YDR118W,19.85
YDR118W-A,0
YDR119W,127.01
YDR119W-A,0
YDR120C,119.93
YDR121W,57
YDR122W,60.78
YDR123C,15.7
YDR124W,6.68
YDR125C,7.71
YDR126W,8.79
YDR127W,208.42
YDR128W,40.17
YDR129C,278.96
YDR130C,29.43
YDR131C,13.1
YDR132C,13.42
YDR133C,0
YDR134C,0
YDR135C,152.61
YDR136C,0
YDR137W,32.66
YDR138W,41.88
YDR139C,149.56
YDR140W,62.13
YDR141C,63.5
YDR142C,17.59
YDR143C,51.15
YDR144C,123.37
YDR145W,76.42
YDR146C,52.41
YDR147W,36.4
YDR148C,120.11
YDR149C,0
YDR150W,0
YDR151C,49.06
YDR152W,125.91
YDR153C,53.76
YDR154C,0
YDR155C,3596.91
YDR156W,107.77
YDR157W,0
YDR158W,488.5
YDR159W,35.03
YDR160W,17.96
YDR161W,101.61
YDR162C,27.74
YDR163W,22.78
YDR164C,42.69
YDR165W,117.6
YDR166C,37.15
YDR167W,64.5
YDR168W,153.38
YDR169C,29.93
YDR169C-A,0
YDR170C,0
YDR170W-A,0
YDR171W,47.77
YDR172W,357.43
YDR173C,28.42
YDR174W,282.68
YDR175C,43.04
YDR176W,47.81
YDR177W,153.37
YDR178W,54.11
YDR179C,32.51
YDR179W-A,0
YDR180W,28.97
YDR181C,24.25
YDR182W,75.58
YDR182W-A,0
YDR183C-A,0
YDR183W,29.74
YDR184C,0
YDR185C,7.42
YDR186C,61.67
YDR187C,0
YDR188W,331.25
YDR189W,84.24
YDR190C,181.13
YDR191W,12.37
YDR192C,27.81
YDR193W,0
YDR194C,160.54
YDR194W-A,0
YDR195W,27.89
YDR196C,52.69
YDR197W,23.15
YDR198C,21.17
YDR199W,0
YDR200C,27.87
YDR201W,43.25
YDR202C,37.72
YDR203W,0
YDR204W,58.91
YDR205W,29.16
YDR206W,60.74
YDR207C,0
YDR208W,68.99
YDR209C,0
YDR210C-C,0
YDR210C-D,0
YDR210W,253.95
YDR210W-A,0
YDR210W-B,0
YDR211W,154.35
YDR212W,341.07
YDR213W,31.59
YDR214W,218.65
YDR215C,0
YDR216W,17.63
YDR217C,35.91
YDR218C,0.81
YDR219C,34.61
YDR220C,0
YDR221W,59.03
YDR222W,28.7
YDR223W,2.74
YDR224C,906.15
YDR225W,0
YDR226W,1347.19
YDR227W,27.04
YDR228C,37.19
YDR229W,32.81
YDR230W,0
YDR231C,45.13
YDR232W,173.24
YDR233C,467.45
YDR234W,0
YDR235W,36.64
YDR236C,37.7
YDR237W,56.8
YDR238C,252.55
YDR239C,29.89
YDR240C,27.21
YDR241W,0
YDR242W,10.13
YDR243C,26.28
YDR244W,36.11
YDR245W,147.27
YDR246W,29.89
YDR246W-A,0
YDR247W,19.32
YDR248C,64
YDR249C,15.7
YDR250C,0
YDR251W,71.98
YDR252W,18.17
YDR253C,8.25
YDR254W,20.42
YDR255C,25.48
YDR256C,1.62
YDR257C,51.9
YDR258C,88.17
YDR259C,9.89
YDR260C,32.71
YDR261C,87.4
YDR261C-C,0
YDR261C-D,0
YDR261W-A,0
YDR261W-B,0
YDR262W,81.42
YDR263C,17.74
YDR264C,0
YDR265W,24.53
YDR266C,69.24
YDR267C,29.23
YDR268W,31.04
YDR269C,0
YDR270W,34.8
YDR271C,0
YDR272W,101.66
YDR273W,5.26
YDR274C,0
YDR275W,41.68
YDR276C,670.21
YDR277C,12.16
YDR278C,0
YDR279W,33.89
YDR280W,64.38
YDR281C,65.78
YDR282C,17.71
YDR283C,45.95
YDR284C,69.99
YDR285W,6.92
YDR286C,55.69
YDR287W,38.26
YDR288W,39.47
YDR289C,36.94
YDR290W,0
YDR291W,32.22
YDR292C,87.1
YDR293C,133.51
YDR294C,96.51
YDR295C,31.62
YDR296W,73.6
YDR297W,140.03
YDR298C,173.88
YDR299W,62.12
YDR300C,120.85
YDR301W,0
YDR302W,48.99
YDR303C,69.62
YDR304C,367.25
YDR305C,42.86
YDR306C,30.37
YDR307W,41.19
YDR308C,73.82
YDR309C,65.15
YDR310C,61.49
YDR311W,38.87
YDR312W,0
YDR313C,28.39
YDR314C,17.57
YDR315C,13.84
YDR316W,22.67
YDR316W-A,0
YDR316W-B,0
YDR317W,6.06
YDR318W,15.38
YDR319C,26.4
YDR320C,40.37
YDR320C-A,0
YDR320W-B,0
YDR321W,315.95
YDR322C-A,0
YDR322W,47.2
YDR323C,14.24
YDR324C,80.8
YDR325W,37.75
YDR326C,72.83
YDR327W,0
YDR328C,209.29
YDR329C,42.52
YDR330W,31.01
YDR331W,66.82
YDR332W,16.21
YDR333C,52.41
YDR334W,50.35
YDR335W,83.67
YDR336W,24.14
YDR337W,56.79
YDR338C,18.13
YDR339C,0
YDR340W,0
YDR341C,407.01
YDR342C,0
YDR343C,0
YDR344C,0
YDR345C,0
YDR346C,223.15
YDR347W,100.42
YDR348C,59.77
YDR349C,71.26
YDR350C,19.93
YDR351W,39.08
YDR352W,0
YDR353W,523
YDR354C-A,0
YDR354W,74.99
YDR355C,0
YDR356W,38.11
YDR357C,77.86
YDR358W,26.15
YDR359C,43.55
YDR360W,0
YDR361C,117.04
YDR362C,28.71
YDR363W,26.44
YDR363W-A,0
YDR364C,35.8
YDR365C,129.78
YDR365W-A,0
YDR365W-B,0
YDR366C,0
YDR367W,88.19
YDR368W,176.35
YDR369C,14.75
YDR370C,36.3
YDR371C-A,0
YDR371W,29.09
YDR372C,147.79
YDR373W,118.89
YDR374C,0.48
YDR374W-A,0
YDR375C,32.59
YDR376W,43.32
YDR377W,202.22
YDR378C,230.05
YDR379C-A,0
YDR379W,22.92
YDR380W,33.64
YDR381C-A,0
YDR381W,614.09
YDR382W,4713.86
YDR383C,21.92
YDR384C,125.09
YDR385W,0
YDR386W,13.39
YDR387C,21.55
YDR388W,229.53
YDR389W,63.29
YDR390C,52.85
YDR391C,38.18
YDR392W,29.35
YDR393W,29.57
YDR394W,183.29
YDR395W,157.44
YDR396W,0
YDR397C,138.88
YDR398W,81.9
YDR399W,360.54
YDR400W,65.14
YDR401W,0
YDR402C,0.91
YDR403W,3.03
YDR404C,117.71
YDR405W,39.11
YDR406W,28.26
YDR406W-A,0
YDR407C,49.41
YDR408C,0
YDR409W,0
YDR410C,61.57
YDR411C,56.14
YDR412W,60.31
YDR413C,0
YDR414C,0
YDR415C,32.5
YDR416W,26.47
YDR417C,0
YDR418W,0
YDR419W,20.09
YDR420W,0
YDR421W,32.17
YDR422C,49.94
YDR423C,44.52
YDR424C,135.34
YDR425W,16.77
YDR426C,0
YDR427W,156.91
YDR428C,49.03
YDR429C,435.39
YDR430C,62.1
YDR431W,0
YDR432W,416.54
YDR433W,0
YDR434W,82.85
YDR435C,34.96
YDR436W,19.76
YDR437W,14.76
YDR438W,10.11
YDR439W,18.86
YDR440W,30.1
YDR441C,0
YDR442W,0
YDR443C,28.49
YDR444W,28.22
YDR445C,0
YDR446W,0.49
YDR447C,0
YDR448W,44.34
YDR449C,72.7
YDR450W,0
YDR451C,57.3
YDR452W,112.45
YDR453C,27.87
YDR454C,539.25
YDR455C,0
YDR456W,65.93
YDR457W,124.83
YDR458C,39.94
YDR459C,26.84
YDR460W,34.34
YDR461C-A,0
YDR461W,474.37
YDR462W,64.95
YDR463W,65.71
YDR464C-A,0
YDR464W,39.13
YDR465C,70.72
YDR466W,32.44
YDR467C,0
YDR468C,47.24
YDR469W,62.15
YDR470C,0
YDR471W,1745.67
YDR472W,42.43
YDR473C,16.89
YDR475C,22.81
YDR476C,83.05
YDR477W,86.69
YDR478W,21.13
YDR479C,25.76
YDR480W,27.12
YDR481C,259.55
YDR482C,35.36
YDR483W,295.29
YDR484W,24.11
YDR485C,23.09
YDR486C,61.03
YDR487C,0
YDR488C,23.27
YDR489W,24.61
YDR490C,34.37
YDR491C,0
YDR492W,40.34
YDR493W,42.01
YDR494W,43.49
YDR495C,19.18
YDR496C,119.14
YDR497C,237.65
YDR498C,32
YDR499W,19.04
YDR500C,2763.84
YDR501W,11.9
YDR502C,353.99
YDR503C,32.33
YDR504C,29.84
YDR505C,59.46
YDR506C,18.05
YDR507C,79.6
YDR508C,258.77
YDR509W,0
YDR510C-A,0
YDR510W,702.65
YDR511W,54.77
YDR512C,60.79
YDR513W,204.43
YDR514C,27.41
YDR515W,31.49
YDR516C,110.83
YDR517W,109.15
YDR518W,72.73
YDR519W,168.42
YDR520C,16.83
YDR521W,0
YDR522C,0.1
YDR523C,2.51
YDR524C,41.25
YDR524C-A,0
YDR524C-B,0
YDR524W-C,0
YDR525W,0
YDR525W-A,0
YDR526C,0
YDR527W,62.56
YDR528W,37.7
YDR529C,198.02
YDR530C,28.47
YDR531W,97.09
YDR532C,17.64
YDR533C,31.36
YDR534C,12.68
YDR535C,0
YDR536W,0.17
YDR537C,0
YDR538W,32.95
YDR539W,66.14
YDR540C,8.8
YDR541C,29.47
YDR542W,0
YDR543C,0
YDR544C,0
YDR545C-A,0
YDR545W,0
YEL001C,275.38
YEL002C,0
YEL003W,187.55
YEL004W,16.26
YEL005C,17.1
YEL006W,0
YEL007W,0
YEL008C-A,0
YEL008W,0
YEL009C,894.09
YEL009C-A,0
YEL010W,0
YEL011W,20.55
YEL012W,35.67
YEL013W,168.33
YEL014C,0
YEL015W,70.12
YEL016C,32.14
YEL017C-A,0
YEL017W,61.48
YEL018C-A,0
YEL018W,31.22
YEL019C,11.43
YEL020C,20.13
YEL020C-B,0
YEL020W-A,0
YEL021W,0
YEL022W,94.38
YEL023C,11.26
YEL024W,68.9
YEL025C,34.92
YEL026W,728.45
YEL027W,1386.31
YEL028W,0
YEL029C,38.8
YEL030C-A,0
YEL030W,9.93
YEL031W,336.4
YEL032C-A,0
YEL032W,79.32
YEL033W,0
YEL034C-A,0
YEL034W,4073.52
YEL035C,0.3
YEL036C,79.24
YEL037C,182.14
YEL038W,92.58
YEL039C,0
YEL040W,390.03
YEL041W,10.24
YEL042W,188.78
YEL043W,54.41
YEL044W,71.75
YEL045C,0
YEL046C,444.84
YEL047C,0
YEL048C,52.45
YEL049W,0
YEL050C,58.73
YEL050W-A,0
YEL051W,500.8
YEL052W,62.56
YEL053C,32.36
YEL053W-A,0
YEL054C,0
YEL055C,130.36
YEL056W,63.33
YEL057C,4.01
YEL058W,130.94
YEL059C-A,0
YEL059W,0
YEL060C,0
YEL061C,41
YEL062W,23.37
YEL063C,96.68
YEL064C,0
YEL065W,164.88
YEL066W,84.96
YEL067C,6.06
YEL068C,0
YEL069C,0
YEL070W,0
YEL071W,428.15
YEL072W,20.88
YEL073C,9.2
YEL074W,0
YEL075C,0
YEL075W-A,0
YEL076C,0
YEL076C-A,0
YEL077C,0
YEL077W-A,0
YER001W,76.21
YER002W,67.11
YER003C,305.15
YER004W,0
YER005W,44.21
YER006C-A,0
YER006W,186.26
YER007C-A,0
YER007W,9.79
YER008C,48.55
YER009W,0
YER010C,55.31
YER011W,0
YER012W,0
YER013W,24.76
YER014C-A,0
YER014W,41.36
YER015W,7.14
YER016W,72.39
YER017C,73.79
YER018C,32.74
YER019C-A,0
YER019W,53.03
YER020W,46.15
YER021W,209.56
YER022W,39.76
YER023C-A,0
YER023W,506.08
YER024W,10.5
YER025W,367.1
YER026C,201.85
YER027C,74.23
YER028C,22.73
YER029C,43.44
YER030W,174.66
YER031C,168.61
YER032W,27.08
YER033C,15.64
YER034W,30.59
YER035W,41.75
YER036C,481.17
YER037W,35.26
YER038C,16.44
YER038W-A,0
YER039C,5.14
YER039C-A,0
YER040W,23.53
YER041W,16.28
YER042W,123.04
YER043C,1199.01
YER044C,90.12
YER044C-A,0
YER045C,11.98
YER046W,21.34
YER046W-A,0
YER047C,17.83
YER048C,139.84
YER048W-A,0
YER049W,153.07
YER050C,86.66
YER051W,19.91
YER052C,128.87
YER053C,32.15
YER053C-A,0
YER054C,3.68
YER055C,522.47
YER056C,211.91
YER056C-A,0
YER057C,274.69
YER058W,0
YER059W,35.97
YER060W,29.92
YER060W-A,0
YER061C,35.3
YER062C,183.47
YER063W,0
YER064C,122.01
YER065C,8.31
YER066C-A,0
YER066W,0
YER067C-A,0
YER067W,56.86
YER068C-A,0
YER068W,52.65
YER069W,33.76
YER070W,350.1
YER071C,53.51
YER072W,1371.9
YER073W,211.34
YER074W,0
YER074W-A,0
YER075C,28.05
YER076C,15.16
YER076W-A,0
YER077C,20.32
YER078C,34.29
YER078W-A,0
YER079C-A,0
YER079W,0
YER080W,129.51
YER081W,35.36
YER082C,75.15
YER083C,102.23
YER084W,0
YER084W-A,0
YER085C,0.28
YER086W,202.07
YER087C-A,0
YER087C-B,0
YER087W,24.52
YER088C,63.32
YER088C-A,0
YER088W-B,0
YER089C,163.02
YER090C-A,0
YER090W,183.46
YER091C,673.48
YER091C-A,0
YER092W,92.52
YER093C,24.61
YER093C-A,0
YER094C,257.84
YER095W,53.4
YER096W,2.79
YER097W,0
YER098W,13.51
YER099C,65.93
YER100W,88.98
YER101C,15.11
YER102W,0
YER103W,24.22
YER104W,16.8
YER105C,101.65
YER106W,0.33
YER107C,71.06
YER107W-A,0
YER109C,0
YER110C,504.31
YER111C,45.79
YER112W,102.64
YER113C,55.63
YER114C,62.51
YER115C,38.91
YER116C,25.68
YER117W,0
YER118C,77.64
YER119C,42.4
YER119C-A,0
YER120W,415.3
YER121W,6.48
YER122C,176.39
YER123W,46.96
YER124C,240.49
YER125W,207.93
YER126C,0
YER127W,77.89
YER128W,15.27
YER129W,43.27
YER130C,37.99
YER131W,0
YER132C,36.86
YER133W,318.95
YER133W-A,0
YER134C,59.44
YER135C,0
YER136W,236.69
YER137C,18.95
YER137C-A,0
YER137W-A,0
YER138C,0
YER138W-A,0
YER139C,24.39
YER140W,28.32
YER141W,0
YER142C,30.76
YER143W,38.87
YER144C,29.1
YER145C,305.4
YER145C-A,0
YER146W,268.83
YER147C,19.95
YER147C-A,0
YER148W,199.93
YER148W-A,0
YER149C,46.29
YER150W,16.96
YER151C,88.5
YER152C,102.43
YER152W-A,0
YER153C,0
YER154W,0
YER155C,146.69
YER156C,142.98
YER157W,43.68
YER158C,7.13
YER158W-A,0
YER159C,76.25
YER159C-A,0
YER160C,0
YER161C,46.7
YER162C,10.9
YER163C,67.03
YER164W,76.54
YER165C-A,0
YER165W,1120.67
YER166W,92.41
YER167W,35.57
YER168C,58.23
YER169W,24.55
YER170W,21
YER171W,43.65
YER172C,52.22
YER172C-A,0
YER173W,18.67
YER174C,59.7
YER175C,22.39
YER175W-A,0
YER176W,40.13
YER177W,1289.53
YER178W,996.83
YER179W,1.77
YER180C,24.15
YER180C-A,0
YER181C,0
YER182W,32.27
YER183C,71.61
YER184C,9.73
YER185W,2.27
YER186C,47.77
YER187W,4.19
YER188C-A,0
YER188W,0
YER189W,0
YER190C-A,0
YER190C-B,0
YER190W,0
YFL001W,43.31
YFL002C,49.7
YFL002W-A,0
YFL002W-B,0
YFL003C,2.3
YFL004W,286.55
YFL005W,263.7
YFL007W,102.01
YFL008W,54.04
YFL009W,0
YFL010C,247.47
YFL010W-A,0
YFL011W,0.36
YFL012W,0.33
YFL012W-A,0
YFL013C,35.56
YFL013W-A,0
YFL014W,45.15
YFL015C,0
YFL015W-A,0
YFL016C,72.52
YFL017C,82.95
YFL017W-A,0
YFL018C,300.71
YFL019C,0
YFL020C,0
YFL021C-A,0
YFL021W,28.85
YFL022C,323.56
YFL023W,36.48
YFL024C,33.6
YFL025C,28.31
YFL026W,474.33
YFL027C,25.55
YFL028C,51.09
YFL029C,26.75
YFL030W,7.54
YFL031C-A,0
YFL031W,0
YFL032W,0
YFL033C,0
YFL034C-A,0
YFL034C-B,0
YFL034W,30.91
YFL036W,53.99
YFL037W,475.56
YFL038C,505.52
YFL039C,0
YFL040W,0
YFL041W,72.48
YFL041W-A,0
YFL042C,30.3
YFL044C,56.08
YFL045C,903.69
YFL046W,45.41
YFL047W,55.21
YFL048C,152.29
YFL049W,27.89
YFL050C,10.15
YFL051C,0
YFL052W,2.01
YFL053W,0
YFL054C,11.88
YFL055W,5.56
YFL056C,0
YFL058W,0
YFL059W,0
YFL060C,0
YFL061W,0
YFL062W,0
YFL063W,0
YFL064C,0
YFL065C,0
YFL066C,0
YFL067W,0
YFL068W,0
YFR001W,81.06
YFR002W,96.38
YFR003C,71.44
YFR004W,0
YFR005C,46.69
YFR006W,106.52
YFR007W,23.14
YFR008W,17.15
YFR009W,219.5
YFR009W-A,0
YFR010W,132.06
YFR010W-A,0
YFR011C,59.93
YFR012W,0
YFR012W-A,0
YFR013W,46.15
YFR014C,43.26
YFR015C,24.47
YFR016C,0
YFR017C,0
YFR018C,58.84
YFR019W,0
YFR020W,0
YFR021W,35.04
YFR022W,13.29
YFR023W,0.89
YFR024C-A,0
YFR025C,73.16
YFR026C,5.24
YFR027W,14.19
YFR028C,0
YFR029W,0
YFR030W,51.88
YFR031C,31.38
YFR031C-A,0
YFR032C,0.34
YFR032C-A,0
YFR032C-B,0
YFR033C,117.51
YFR034C,72.56
YFR034W-A,0
YFR035C,1.3
YFR036W,37.7
YFR036W-A,0
YFR037C,128.65
YFR038W,43.16
YFR039C,50.47
YFR040W,62.72
YFR041C,56.72
YFR042W,47
YFR043C,17.44
YFR044C,447.43
YFR045W,17.52
YFR046C,14.59
YFR047C,112.11
YFR048W,30.93
YFR049W,80.02
YFR050C,232.57
YFR051C,171.35
YFR052C-A,0
YFR052W,189.67
YFR053C,309.49
YFR054C,0
YFR055W,106.68
YFR056C,0
YFR057W,0
YGL001C,163.01
YGL002W,77.7
YGL003C,25.3
YGL004C,23.13
YGL005C,44.28
YGL006W,49.72
YGL006W-A,0
YGL007C-A,0
YGL007W,0
YGL008C,5373.12
YGL009C,852.44
YGL010W,31.96
YGL011C,292.75
YGL012W,375.09
YGL013C,55.3
YGL014C-A,0
YGL014W,102.7
YGL015C,0
YGL016W,82.59
YGL017W,23.48
YGL018C,25.68
YGL019W,127.82
YGL020C,82.51
YGL021W,50.57
YGL022W,280.89
YGL023C,56.42
YGL024W,0
YGL025C,25.04
YGL026C,333.22
YGL027C,130.21
YGL028C,146.92
YGL029W,71.77
YGL030W,0
YGL031C,0
YGL032C,123.32
YGL033W,1.81
YGL034C,0
YGL035C,44.04
YGL036W,38.12
YGL037C,322.4
YGL038C,47.06
YGL039W,112.85
YGL040C,164.05
YGL041C,0
YGL041C-B,0
YGL041W-A,0
YGL042C,0
YGL043W,125.98
YGL044C,32.09
YGL045W,9.99
YGL047W,34.6
YGL048C,223.59
YGL049C,81.47
YGL050W,43.99
YGL051W,0
YGL052W,0
YGL053W,0
YGL054C,323.82
YGL055W,376.73
YGL056C,49.77
YGL057C,26.41
YGL058W,129.33
YGL059W,14.63
YGL060W,33.94
YGL061C,42.84
YGL062W,0
YGL063C-A,0
YGL063W,13.7
YGL064C,22.28
YGL065C,56.45
YGL066W,27.72
YGL067W,69.72
YGL068W,172
YGL069C,0
YGL070C,99.24
YGL071W,49.07
YGL072C,0
YGL073W,39.76
YGL074C,0
YGL075C,0
YGL076C,0
YGL077C,133.13
YGL078C,137.48
YGL079W,51.02
YGL080W,62.46
YGL081W,5.84
YGL082W,61.74
YGL083W,27.3
YGL084C,80.5
YGL085W,17.42
YGL086W,46.52
YGL087C,89.09
YGL088W,0
YGL089C,1.23
YGL090W,19.76
YGL091C,41.86
YGL092W,111.06
YGL093W,35.96
YGL094C,55.04
YGL095C,43.76
YGL096W,9.45
YGL097W,136.31
YGL098W,40.78
YGL099W,121.11
YGL100W,101.39
YGL101W,78.29
YGL102C,0
YGL103W,7380.86
YGL104C,17.11
YGL105W,742.01
YGL106W,358.04
YGL107C,45.56
YGL108C,46.4
YGL109W,0
YGL110C,27.21
YGL111W,77.91
YGL112C,78.97
YGL113W,22.69
YGL114W,37.81
YGL115W,143.36
YGL116W,33.8
YGL117W,14.11
YGL118C,0
YGL119W,34.28
YGL120C,154.57
YGL121C,4.69
YGL122C,0
YGL123C-A,0
YGL123W,4744.74
YGL124C,0
YGL125W,38.31
YGL126W,62.81
YGL127C,53.09
YGL128C,12.35
YGL129C,46.81
YGL130W,46.11
YGL131C,27.01
YGL132W,0
YGL133W,32.51
YGL134W,25.12
YGL135W,0
YGL136C,24.15
YGL137W,328.61
YGL138C,0.14
YGL139W,0
YGL140C,77.03
YGL141W,27.64
YGL142C,39.95
YGL143C,24.91
YGL144C,16.31
YGL145W,33.28
YGL146C,6.65
YGL147C,0
YGL148W,0
YGL149W,0
YGL150C,78.9
YGL151W,49.04
YGL152C,0
YGL153W,35.5
YGL154C,19
YGL155W,64.66
YGL156W,11.41
YGL157W,97.01
YGL158W,1.63
YGL159W,35.91
YGL160W,40.84
YGL161C,87.32
YGL162W,22.39
YGL163C,24.33
YGL164C,24.38
YGL165C,0
YGL166W,31.06
YGL167C,158.63
YGL168W,0
YGL169W,41.01
YGL170C,0.48
YGL171W,71.03
YGL172W,73.4
YGL173C,317.51
YGL174W,23.87
YGL175C,16.69
YGL176C,21.94
YGL177W,0
YGL178W,0
YGL179C,15.12
YGL180W,21.78
YGL181W,67.23
YGL182C,0
YGL183C,0
YGL184C,8.04
YGL185C,26.36
YGL186C,67.23
YGL187C,79.7
YGL188C,0
YGL188C-A,0
YGL189C,0
YGL190C,76.07
YGL191W,165.19
YGL192W,0.16
YGL193C,12.9
YGL194C,40.29
YGL194C-A,0
YGL195W,353.97
YGL196W,55.08
YGL197W,58.45
YGL198W,91.31
YGL199C,0
YGL200C,439.54
YGL201C,66.3
YGL202W,372.65
YGL203C,0
YGL204C,0
YGL205W,0.46
YGL206C,404.14
YGL207W,197.14
YGL208W,17.79
YGL209W,32.98
YGL210W,57.2
YGL211W,53.46
YGL212W,19.78
YGL213C,61.98
YGL214W,0
YGL215W,166.15
YGL216W,35.58
YGL217C,0
YGL218W,0
YGL219C,44.28
YGL220W,168.56
YGL221C,154.65
YGL222C,38.25
YGL223C,34.82
YGL224C,50.09
YGL225W,286.52
YGL226C-A,0
YGL226W,0
YGL227W,27.43
YGL228W,135.45
YGL229C,21.42
YGL230C,3.01
YGL231C,133.4
YGL232W,119.03
YGL233W,62.25
YGL234W,408.44
YGL235W,0.28
YGL236C,25.67
YGL237C,21.54
YGL238W,156.51
YGL239C,0
YGL240W,15.16
YGL241W,36.13
YGL242C,106.86
YGL243W,23.87
YGL244W,66.94
YGL245W,821.84
YGL246C,51.12
YGL247W,32.98
YGL248W,44.01
YGL249W,1.05
YGL250W,7.35
YGL251C,7.92
YGL252C,74.99
YGL253W,1692.74
YGL254W,24.85
YGL255W,15.18
YGL256W,49.47
YGL257C,54.42
YGL258W,0.96
YGL258W-A,0
YGL259W,0
YGL260W,0
YGL261C,0
YGL262W,0
YGL263W,2.98
YGR001C,149.83
YGR002C,33.91
YGR003W,29.37
YGR004W,29.29
YGR005C,64.47
YGR006W,21.96
YGR007W,93.25
YGR008C,123.62
YGR009C,53.07
YGR010W,31.4
YGR011W,0
YGR012W,60.99
YGR013W,24.05
YGR014W,126.2
YGR015C,15.6
YGR016W,13.47
YGR017W,95.28
YGR018C,0
YGR019W,70.95
YGR020C,432.5
YGR021W,27.32
YGR022C,0
YGR023W,9.29
YGR024C,97.39
YGR025W,0
YGR026W,169.06
YGR027C,5355.27
YGR027W-A,0
YGR027W-B,0
YGR028W,0
YGR029W,65.88
YGR030C,44.54
YGR031C-A,0
YGR031W,41.3
YGR032W,34.62
YGR033C,86.28
YGR034W,3360.15
YGR035C,62.37
YGR035W-A,0
YGR036C,27.8
YGR037C,1014.27
YGR038C-A,0
YGR038C-B,0
YGR038W,68.72
YGR039W,0
YGR040W,44.8
YGR041W,56.86
YGR042W,31.78
YGR043C,10.35
YGR044C,91.7
YGR045C,0
YGR046W,31.19
YGR047C,34.14
YGR048W,48.67
YGR049W,41.32
YGR050C,0
YGR051C,0
YGR052W,4
YGR053C,6.09
YGR054W,168.49
YGR055W,227.64
YGR056W,32.62
YGR057C,27.86
YGR058W,19.54
YGR059W,0.96
YGR060W,606.18
YGR061C,418.54
YGR062C,18.38
YGR063C,116.28
YGR064W,0
YGR065C,38.59
YGR066C,0
YGR067C,2.2
YGR068C,22.84
YGR068W-A,0
YGR069W,0
YGR070W,14.19
YGR071C,20.6
YGR072W,24.8
YGR073C,0
YGR074W,74.5
YGR075C,0
YGR076C,37.93
YGR077C,27.99
YGR078C,128.11
YGR079W,44.56
YGR080W,49.21
YGR081C,73.59
YGR082W,0
YGR083C,107.27
YGR084C,54.3
YGR085C,0
YGR086C,704.54
YGR087C,0
YGR088W,9.72
YGR089W,39.59
YGR090W,116.01
YGR091W,25.4
YGR092W,0
YGR093W,37.47
YGR094W,713.08
YGR095C,62.68
YGR096W,14.26
YGR097W,34.61
YGR098C,32.19
YGR099W,30.97
YGR100W,41.08
YGR101W,33.43
YGR102C,53.79
YGR103W,279.99
YGR104C,33.02
YGR105W,152.76
YGR106C,348.4
YGR107W,0
YGR108W,62.28
YGR109C,17.74
YGR109W-A,0
YGR109W-B,0
YGR110W,2.43
YGR111W,66.19
YGR112W,20.24
YGR113W,41.61
YGR114C,0
YGR115C,0
YGR116W,194.62
YGR117C,67.41
YGR118W,0
YGR119C,0
YGR120C,32.5
YGR121C,13
YGR121W-A,0
YGR122C-A,0
YGR122W,31.59
YGR123C,125.19
YGR124W,717.4
YGR125W,47.08
YGR126W,18.4
YGR127W,26.34
YGR128C,86.21
YGR129W,23.58
YGR130C,0
YGR131W,7.92
YGR132C,199.6
YGR133W,23.67
YGR134W,28.95
YGR135W,355.37
YGR136W,165.61
YGR137W,0
YGR138C,0
YGR139W,0
YGR140W,25.74
YGR141W,27.82
YGR142W,43.57
YGR143W,38.04
YGR144W,6.94
YGR145W,81.1
YGR146C,66.24
YGR146C-A,0
YGR147C,87.49
YGR148C,0
YGR149W,23.47
YGR150C,28.02
YGR151C,0
YGR152C,54.1
YGR153W,10.21
YGR154C,13.82
YGR155W,812.57
YGR156W,29.3
YGR157W,347.79
YGR158C,66.54
YGR159C,375.77
YGR160W,0
YGR161C,34.24
YGR161C-C,0
YGR161C-D,0
YGR161W-A,0
YGR161W-B,0
YGR161W-C,0
YGR162W,404.68
YGR163W,47.34
YGR164W,0
YGR165W,56.2
YGR166W,24.87
YGR167W,281.98
YGR168C,18.85
YGR169C,20.59
YGR169C-A,0
YGR170W,39.01
YGR171C,20.54
YGR172C,83.94
YGR173W,123.97
YGR174C,31.84
YGR174W-A,0
YGR175C,445.71
YGR176W,0
YGR177C,0
YGR178C,172.8
YGR179C,24.24
YGR180C,0
YGR181W,163.11
YGR182C,0
YGR183C,0
YGR184C,99.06
YGR185C,487.52
YGR186W,105.26
YGR187C,68.2
YGR188C,15.14
YGR189C,235.3
YGR190C,0
YGR191W,96.47
YGR192C,0
YGR193C,81.26
YGR194C,22.47
YGR195W,76.42
YGR196C,32.89
YGR197C,20.78
YGR198W,63.79
YGR199W,48.24
YGR200C,109.55
YGR201C,29.53
YGR202C,42.02
YGR203W,42.56
YGR204C-A,0
YGR204W,382.32
YGR205W,52.27
YGR206W,47.75
YGR207C,0
YGR208W,126.3
YGR209C,0
YGR210C,114
YGR211W,166.99
YGR212W,11.67
YGR213C,1.24
YGR214W,2501.74
YGR215W,95.3
YGR216C,28.28
YGR217W,28.41
YGR218W,197.36
YGR219W,0
YGR220C,82.51
YGR221C,14.48
YGR222W,43.67
YGR223C,32.3
YGR224W,0.24
YGR225W,1.24
YGR226C,0
YGR227W,42.56
YGR228W,0
YGR229C,131.76
YGR230W,22.27
YGR231C,210.19
YGR232W,106.63
YGR233C,98.18
YGR234W,798.78
YGR235C,79.21
YGR236C,1.04
YGR237C,28.46
YGR238C,19.53
YGR239C,17.09
YGR240C,1079.13
YGR240C-A,0
YGR241C,51.12
YGR242W,0
YGR243W,10.45
YGR244C,143.72
YGR245C,97.27
YGR246C,40.96
YGR247W,37.27
YGR248W,15.05
YGR249W,1.4
YGR250C,34.97
YGR251W,40.18
YGR252W,42.49
YGR253C,332.01
YGR254W,0
YGR255C,67.71
YGR256W,4.2
YGR257C,68.04
YGR258C,21.91
YGR259C,0
YGR260W,203.31
YGR261C,99.58
YGR262C,50.72
YGR263C,18.34
YGR264C,411.15
YGR265W,0
YGR266W,49.35
YGR267C,178.23
YGR268C,32.56
YGR269W,0
YGR270C-A,0
YGR270W,84.26
YGR271C-A,0
YGR271W,44.91
YGR273C,0.28
YGR274C,39.1
YGR275W,81.5
YGR276C,49.13
YGR277C,52.12
YGR278W,17.57
YGR279C,696.78
YGR280C,51.94
YGR281W,112.76
YGR282C,1013.22
YGR283C,32.47
YGR284C,235.91
YGR285C,829.15
YGR286C,46.98
YGR287C,0
YGR288W,10.61
YGR289C,7.51
YGR290W,0
YGR291C,0
YGR292W,0
YGR293C,0
YGR294W,0
YGR295C,0
YGR296C-A,0
YGR296C-B,0
YGR296W,0
YHL001W,0
YHL002C-A,0
YHL002W,49.43
YHL003C,141.06
YHL004W,71.7
YHL005C,0
YHL006C,14.11
YHL006W-A,0
YHL007C,65.36
YHL008C,33.59
YHL009C,33.41
YHL009W-A,0
YHL009W-B,0
YHL010C,17.5
YHL011C,216.54
YHL012W,2.4
YHL013C,44.57
YHL014C,16.4
YHL015W,4316.64
YHL015W-A,0
YHL016C,6.03
YHL017W,70.31
YHL018W,14.76
YHL019C,21.07
YHL019W-A,0
YHL020C,53.97
YHL021C,66.04
YHL022C,2.1
YHL023C,33.07
YHL024W,0
YHL025W,44.03
YHL026C,16.25
YHL027W,47.17
YHL028W,0
YHL029C,28.63
YHL030W,100.14
YHL030W-A,0
YHL031C,53.41
YHL032C,30.47
YHL033C,0
YHL034C,461.85
YHL034W-A,0
YHL035C,44.76
YHL036W,9.92
YHL037C,0
YHL038C,18.05
YHL039W,56.79
YHL040C,67.27
YHL041W,0
YHL042W,4.27
YHL043W,0.29
YHL044W,11.52
YHL045W,0
YHL046C,0
YHL046W-A,0
YHL047C,48.58
YHL048C-A,0
YHL048W,0
YHL049C,0
YHL050C,0
YHL050W-A,0
YHR001W,74.89
YHR001W-A,0
YHR002W,15.3
YHR003C,56.79
YHR004C,26.37
YHR005C,0
YHR005C-A,0
YHR006W,35.02
YHR007C,636.35
YHR007C-A,0
YHR008C,230.86
YHR009C,129.11
YHR010W,3866.6
YHR011W,19.75
YHR012W,85.69
YHR013C,167.08
YHR014W,0.68
YHR015W,5.45
YHR016C,52.9
YHR017W,37.2
YHR018C,78.87
YHR019C,644.76
YHR020W,515.39
YHR021C,0
YHR021W-A,0
YHR022C,2.31
YHR022C-A,0
YHR023W,67.01
YHR024C,75.66
YHR025W,288.53
YHR026W,0
YHR027C,291.42
YHR028C,106.13
YHR028W-A,0
YHR029C,59.09
YHR030C,76.36
YHR031C,26.27
YHR032C-A,0
YHR032W,67.77
YHR032W-A,0
YHR033W,20.01
YHR034C,29.47
YHR035W,4.84
YHR036W,26.23
YHR037W,90.38
YHR038W,26.11
YHR039C,125.71
YHR039C-A,0
YHR040W,16.54
YHR041C,74.29
YHR042W,219.86
YHR043C,0
YHR044C,0
YHR045W,53.08
YHR046C,41.71
YHR047C,175.82
YHR048W,7.76
YHR049C-A,0
YHR049W,126.38
YHR050W,51.63
YHR050W-A,0
YHR051W,130.68
YHR052W,143.46
YHR052W-A,0
YHR053C,0
YHR054C,0
YHR054W-A,0
YHR055C,0
YHR056C,0
YHR056W-A,0
YHR057C,65.78
YHR058C,35.37
YHR059W,52.24
YHR060W,66.34
YHR061C,29
YHR062C,64.16
YHR063C,131.41
YHR063W-A,0
YHR064C,891.72
YHR065C,89
YHR066W,0
YHR067W,26.72
YHR068W,432.76
YHR069C,65.67
YHR069C-A,0
YHR070C-A,0
YHR070W,40.83
YHR071C-A,0
YHR071W,111.11
YHR072W,69.21
YHR072W-A,0
YHR073C-B,0
YHR073W,67.05
YHR073W-A,0
YHR074W,118.62
YHR075C,15.13
YHR076W,0
YHR077C,47.86
YHR078W,0
YHR079C,33.37
YHR079C-A,0
YHR080C,28.39
YHR081W,65
YHR082C,99.1
YHR083W,96.04
YHR084W,54.08
YHR085W,41.85
YHR086W,43.94
YHR086W-A,0
YHR087W,52.76
YHR088W,47.71
YHR089C,225.67
YHR090C,30.37
YHR091C,26.33
YHR092C,0
YHR093W,0
YHR094C,165.26
YHR095W,0
YHR096C,0
YHR097C,22.99
YHR098C,158.72
YHR099W,105.86
YHR100C,0
YHR101C,22.04
YHR102W,32.17
YHR103W,83.76
YHR104W,125.52
YHR105W,12.19
YHR106W,30.8
YHR107C,120.56
YHR108W,177.76
YHR109W,13.12
YHR110W,94.95
YHR111W,50.89
YHR112C,41.79
YHR113W,74.93
YHR114W,47.58
YHR115C,62.35
YHR116W,24.44
YHR117W,89.49
YHR118C,24.66
YHR119W,46.3
YHR120W,29.2
YHR121W,97.64
YHR122W,66.26
YHR123W,65.58
YHR124W,2.51
YHR125W,0
YHR126C,0.31
YHR127W,59.14
YHR128W,368.43
YHR129C,27.17
YHR130C,0
YHR131C,28.72
YHR131W-A,0
YHR132C,118.46
YHR132W-A,0
YHR133C,171.66
YHR134W,24.15
YHR135C,111.78
YHR136C,168.93
YHR137C-A,0
YHR137W,71.76
YHR138C,0
YHR139C,0
YHR139C-A,0
YHR140W,10.09
YHR141C,0
YHR142W,56.22
YHR143W,304.83
YHR143W-A,0
YHR144C,53.95
YHR145C,0
YHR146W,163.1
YHR147C,75.43
YHR148W,65.08
YHR149C,48.21
YHR150W,16.74
YHR151C,31.81
YHR152W,82.5
YHR153C,9.69
YHR154W,46.45
YHR155W,40.76
YHR156C,12.3
YHR157W,4.06
YHR158C,53.02
YHR159W,17.58
YHR160C,0.52
YHR161C,34.61
YHR162W,543.27
YHR163W,226.9
YHR164C,23.8
YHR165C,75.63
YHR165W-A,0
YHR166C,20.13
YHR167W,27.53
YHR168W,0
YHR169W,61.43
YHR170W,153.91
YHR171W,10.31
YHR172W,29.54
YHR173C,0
YHR174W,0
YHR175W,84.89
YHR175W-A,0
YHR176W,6.38
YHR177W,2.06
YHR178W,18.48
YHR179W,799.49
YHR180C-B,0
YHR180W,0
YHR180W-A,0
YHR181W,83.32
YHR182C-A,0
YHR182W,20.81
YHR183W,911.73
YHR184W,3.45
YHR185C,0.62
YHR186C,45.14
YHR187W,33.13
YHR188C,111.1
YHR189W,15.8
YHR190W,213.26
YHR191C,39.22
YHR192W,53.46
YHR193C,1553.93
YHR193C-A,0
YHR194W,17.93
YHR195W,34.96
YHR196W,102.97
YHR197W,56.05
YHR198C,27.75
YHR199C,88.27
YHR199C-A,0
YHR200W,234.32
YHR201C,75.99
YHR202W,12.67
YHR203C,0
YHR204W,37.71
YHR205W,87.98
YHR206W,55.62
YHR207C,40.51
YHR208W,658.95
YHR209W,12.01
YHR210C,8.8
YHR211W,0
YHR212C,0
YHR212W-A,0
YHR213W,0
YHR213W-A,0
YHR213W-B,0
YHR214C-B,0
YHR214C-C,0
YHR214C-D,0
YHR214C-E,0
YHR214W,0
YHR214W-A,0
YHR215W,0
YHR216W,0
YHR217C,0
YHR218W,0
YHR218W-A,0
YHR219C-A,0
YHR219W,0
YIL001W,19.95
YIL002C,31.53
YIL002W-A,0
YIL003W,31.91
YIL004C,66.2
YIL005W,59.82
YIL006W,8.71
YIL007C,31.99
YIL008W,103.9
YIL009C-A,0
YIL009W,78.15
YIL010W,90.65
YIL011W,9.7
YIL012W,0
YIL013C,4.53
YIL014C-A,0
YIL014W,45.31
YIL015W,222.68
YIL016W,118.86
YIL017C,21.11
YIL018W,0
YIL019W,33.71
YIL020C,49.78
YIL020C-A,0
YIL021C-A,0
YIL021W,127.52
YIL022W,111.67
YIL023C,35.28
YIL024C,15.1
YIL025C,0
YIL026C,41.04
YIL027C,117.98
YIL028W,0
YIL029C,9.7
YIL029W-A,0
YIL030C,103.88
YIL030W-A,0
YIL031W,35.41
YIL032C,0
YIL033C,93.58
YIL034C,113.69
YIL035C,87.58
YIL036W,56.68
YIL037C,1.05
YIL038C,71.94
YIL039W,121.22
YIL040W,66.33
YIL041W,341.18
YIL042C,18.74
YIL043C,404.46
YIL044C,82.57
YIL045W,10.34
YIL046W,41.91
YIL046W-A,0
YIL047C,110.32
YIL047C-A,0
YIL048W,47.93
YIL049W,27.04
YIL050W,45.42
YIL051C,1310.12
YIL052C,0
YIL053W,2175.28
YIL054W,0
YIL055C,9.03
YIL056W,29.14
YIL057C,0
YIL058W,0
YIL059C,0
YIL060W,0
YIL061C,24.28
YIL062C,215.39
YIL063C,98.73
YIL064W,71.81
YIL065C,0
YIL066C,6.8
YIL066W-A,0
YIL067C,27
YIL068C,47.93
YIL068W-A,0
YIL069C,0
YIL070C,94.91
YIL071C,16.85
YIL071W-A,0
YIL072W,1.22
YIL073C,2.22
YIL074C,134.84
YIL075C,264.77
YIL076W,191.04
YIL077C,21.38
YIL078W,881.03
YIL079C,49.35
YIL082W,0
YIL082W-A,0
YIL083C,57.03
YIL084C,27.24
YIL085C,0
YIL086C,0
YIL087C,22.88
YIL088C,73.72
YIL089W,5.76
YIL090W,62.24
YIL091C,62.87
YIL092W,13.14
YIL093C,40.08
YIL094C,298.21
YIL095W,23.57
YIL096C,37.64
YIL097W,12.21
YIL098C,37.78
YIL099W,1.17
YIL100C-A,0
YIL100W,0
YIL101C,4.49
YIL102C,0
YIL102C-A,0
YIL103W,50.49
YIL104C,34.75
YIL105C,40.32
YIL105W-A,0
YIL106W,47.96
YIL107C,24.1
YIL108W,45.33
YIL109C,197.02
YIL110W,65.92
YIL111W,0
YIL112W,35.04
YIL113W,8.48
YIL114C,53.59
YIL115C,100.79
YIL115W-A,0
YIL116W,91.4
YIL117C,0
YIL118W,0
YIL119C,39.54
YIL120W,6.91
YIL121W,61.29
YIL122W,11.92
YIL123W,448
YIL124W,130.74
YIL125W,136.87
YIL126W,111.39
YIL127C,61.4
YIL128W,49.88
YIL129C,69.87
YIL130W,0
YIL131C,59.08
YIL132C,10.4
YIL133C,2193.63
YIL134C-A,0
YIL134W,22.79
YIL135C,34.09
YIL136W,16.78
YIL137C,81.73
YIL138C,201.14
YIL139C,25.11
YIL140W,41.56
YIL141W,0
YIL142C-A,0
YIL142W,289.87
YIL143C,49.62
YIL144W,29.77
YIL145C,79
YIL146C,15.63
YIL147C,56.84
YIL148W,0
YIL149C,55.22
YIL150C,18.96
YIL151C,40.15
YIL152W,18.01
YIL153W,41.58
YIL154C,33.71
YIL155C,32.3
YIL156W,28.31
YIL156W-A,0
YIL156W-B,0
YIL157C,72.2
YIL158W,74.55
YIL159W,19.18
YIL160C,0.35
YIL161W,26.18
YIL162W,71.32
YIL163C,0
YIL164C,13.6
YIL165C,16.13
YIL166C,5.99
YIL167W,0
YIL169C,0
YIL170W,0
YIL171W,0
YIL171W-A,0
YIL172C,0
YIL173W,0
YIL174W,0
YIL175W,0
YIL176C,0
YIL177C,0
YIL177W-A,0
YIR001C,34.45
YIR002C,38.06
YIR003W,51.03
YIR004W,71.43
YIR005W,21.28
YIR006C,154.73
YIR007W,19.52
YIR008C,46.33
YIR009W,28.82
YIR010W,29.99
YIR011C,51.84
YIR012W,141.71
YIR013C,2.03
YIR014W,10.17
YIR015W,23.58
YIR016W,28.79
YIR017C,14.47
YIR017W-A,0
YIR018C-A,0
YIR018W,45
YIR019C,0
YIR020C,0
YIR020C-B,0
YIR020W-A,0
YIR021W,29.96
YIR021W-A,0
YIR022W,101.67
YIR023C-A,0
YIR023W,35.97
YIR024C,18.23
YIR025W,14.71
YIR026C,64.22
YIR027C,2.57
YIR028W,0.85
YIR029W,9.04
YIR030C,19.77
YIR030W-A,0
YIR031C,16.43
YIR032C,9.09
YIR033W,81.49
YIR034C,56.87
YIR035C,51.73
YIR036C,55.95
YIR036W-A,0
YIR037W,186.89
YIR038C,66.04
YIR039C,3.02
YIR040C,0
YIR041W,0
YIR042C,0.83
YIR043C,0
YJL001W,259.12
YJL002C,264.79
YJL003W,51.72
YJL004C,0
YJL005W,57.55
YJL006C,29.71
YJL007C,0
YJL008C,0
YJL009W,0
YJL010C,75.15
YJL011C,62.66
YJL012C,597.33
YJL013C,20.83
YJL014W,240.73
YJL015C,0
YJL016W,31.41
YJL019W,37.89
YJL020C,95.79
YJL020W-A,0
YJL022W,0
YJL023C,18.58
YJL024C,50.99
YJL025W,20.2
YJL026C-A,0
YJL026W,428.01
YJL027C,0.36
YJL028W,0
YJL029C,51.49
YJL030W,41.68
YJL031C,56.29
YJL032W,0
YJL033W,78.87
YJL034W,0
YJL035C,24.8
YJL036W,35.95
YJL037W,3.3
YJL038C,1.12
YJL039C,99.25
YJL041W,0
YJL042W,59.92
YJL043W,1.53
YJL044C,55.34
YJL045W,1.63
YJL046W,32.37
YJL047C,23.32
YJL047C-A,0
YJL048C,19.14
YJL049W,22.64
YJL050W,130.44
YJL051W,29.04
YJL052C-A,0
YJL052W,0
YJL053W,45.19
YJL054W,98.12
YJL055W,155.88
YJL056C,18.06
YJL057C,15.27
YJL058C,13.23
YJL059W,24.37
YJL060W,67.84
YJL061W,66.47
YJL062W,52.83
YJL062W-A,0
YJL063C,58.93
YJL064W,0
YJL065C,62.48
YJL066C,36.72
YJL067W,0
YJL068C,89.21
YJL069C,58.16
YJL070C,17.9
YJL071W,20.58
YJL072C,39.97
YJL073W,32.28
YJL074C,46.69
YJL075C,0
YJL076W,146.98
YJL077C,0
YJL077W-A,0
YJL077W-B,0
YJL078C,66.81
YJL079C,42.47
YJL080C,403.26
YJL081C,83.53
YJL082W,50.56
YJL083W,20.61
YJL084C,23.48
YJL085W,31.52
YJL086C,0
YJL087C,36.06
YJL088W,6.84
YJL089W,0.65
YJL090C,19.78
YJL091C,44.9
YJL092W,41.46
YJL093C,38.32
YJL094C,32.75
YJL095W,34.33
YJL096W,74.59
YJL097W,137.21
YJL098W,56.94
YJL099W,22.89
YJL100W,16.46
YJL101C,81.59
YJL102W,0
YJL103C,5.97
YJL104W,128.82
YJL105W,1.67
YJL106W,5.57
YJL107C,8.9
YJL108C,5.91
YJL109C,165.09
YJL110C,39.21
YJL111W,222.63
YJL112W,34.95
YJL113W,0
YJL114W,0
YJL115W,29.63
YJL116C,4.24
YJL117W,280.41
YJL118W,18.2
YJL119C,0
YJL120W,0
YJL121C,276.68
YJL122W,129.65
YJL123C,96.16
YJL124C,197.43
YJL125C,50.88
YJL126W,19.72
YJL127C,28.07
YJL127C-B,0
YJL127W-A,0
YJL128C,59.46
YJL129C,48.66
YJL130C,486.43
YJL131C,19.08
YJL132W,10.83
YJL133C-A,0
YJL133W,0
YJL134W,54.15
YJL135W,0
YJL136C,3012.27
YJL136W-A,0
YJL137C,22.92
YJL138C,0
YJL139C,25.99
YJL140W,157.44
YJL141C,39.52
YJL142C,0
YJL143W,0
YJL144W,10.41
YJL145W,127.89
YJL146W,27.28
YJL147C,14.3
YJL148W,139.83
YJL149W,20.71
YJL150W,0
YJL151C,0
YJL152W,0
YJL153C,4.52
YJL154C,82.42
YJL155C,21.56
YJL156C,31.12
YJL156W-A,0
YJL157C,79.28
YJL158C,693.12
YJL159W,0
YJL160C,2.06
YJL161W,9.3
YJL162C,15.62
YJL163C,7.89
YJL164C,57.52
YJL165C,46.16
YJL166W,165.97
YJL167W,0
YJL168C,53.44
YJL169W,0
YJL170C,17.43
YJL171C,137.95
YJL172W,221.21
YJL173C,162.97
YJL174W,178.14
YJL175W,0
YJL176C,58.52
YJL177W,1732.67
YJL178C,134.57
YJL179W,107.01
YJL180C,32.41
YJL181W,21.67
YJL182C,0
YJL183W,157.79
YJL184W,98.43
YJL185C,12.93
YJL186W,0
YJL187C,37.92
YJL188C,0
YJL189W,0
YJL190C,4200.65
YJL191W,0
YJL192C,225.04
YJL193W,32.93
YJL194W,37.99
YJL195C,0
YJL196C,212.26
YJL197C-A,0
YJL197W,54.12
YJL198W,61.95
YJL199C,0
YJL200C,122.07
YJL201W,43.96
YJL202C,0
YJL203W,21.79
YJL204C,27.07
YJL205C,76.14
YJL206C,13.37
YJL207C,60.7
YJL208C,47.12
YJL209W,29.2
YJL210W,52.12
YJL211C,0
YJL212C,92.64
YJL213W,25.87
YJL214W,1.56
YJL215C,0
YJL216C,6.61
YJL217W,384.77
YJL218W,14.81
YJL219W,0
YJL220W,0
YJL221C,0
YJL222W,0
YJL222W-A,0
YJL222W-B,0
YJL223C,0
YJL225C,0
YJL225W-A,0
YJR001W,101.94
YJR002W,99.51
YJR003C,39.64
YJR004C,14.61
YJR005C-A,0
YJR005W,49.92
YJR006W,38.6
YJR007W,338.03
YJR008W,11.07
YJR009C,0
YJR010C-A,0
YJR010W,26.29
YJR011C,22.63
YJR012C,0
YJR013W,45.55
YJR014W,250.8
YJR015W,130.08
YJR016C,757.9
YJR017C,218.28
YJR018W,0
YJR019C,16.22
YJR020W,0
YJR021C,0
YJR022W,26.64
YJR023C,0
YJR024C,134.53
YJR025C,123.73
YJR026W,0
YJR027W,0
YJR028W,0
YJR029W,0
YJR030C,33.03
YJR031C,51.42
YJR032W,59.98
YJR033C,35.14
YJR034W,51.04
YJR035W,18.69
YJR036C,6.18
YJR037W,0
YJR038C,0
YJR039W,12.12
YJR040W,53.19
YJR041C,49.51
YJR042W,0
YJR043C,34.45
YJR044C,93.51
YJR045C,1245.34
YJR046W,72.84
YJR047C,0
YJR048W,120.55
YJR049C,58.41
YJR050W,34.76
YJR051W,63.46
YJR052W,25.35
YJR053W,19.98
YJR054W,33.17
YJR055W,16.8
YJR056C,27.94
YJR057W,56.96
YJR058C,66.96
YJR059W,81.52
YJR060W,97.45
YJR061W,13.21
YJR062C,32.31
YJR063W,118.51
YJR064W,378.39
YJR065C,253.09
YJR066W,49.31
YJR067C,30.72
YJR068W,74.59
YJR069C,152.89
YJR070C,335.57
YJR071W,0
YJR072C,120.29
YJR073C,78.6
YJR074W,59.82
YJR075W,157.34
YJR076C,112.66
YJR077C,0
YJR078W,7.39
YJR079W,0
YJR080C,52.59
YJR082C,66.2
YJR083C,17.68
YJR084W,29.44
YJR085C,253.57
YJR086W,110.96
YJR087W,0
YJR088C,118.49
YJR089W,26
YJR090C,49.39
YJR091C,63.47
YJR092W,81.73
YJR093C,34.47
YJR094C,9.02
YJR094W-A,0
YJR095W,0.76
YJR096W,48.17
YJR097W,30.04
YJR098C,11.93
YJR099W,44.42
YJR100C,38.53
YJR101W,65.13
YJR102C,23.39
YJR103W,59.77
YJR104C,1812.31
YJR105W,645.58
YJR106W,15.41
YJR107W,0
YJR108W,6.4
YJR109C,105.56
YJR110W,23.53
YJR111C,20.87
YJR112W,39.18
YJR112W-A,0
YJR113C,73.32
YJR114W,0
YJR115W,0
YJR116W,28.22
YJR117W,154.71
YJR118C,85.34
YJR119C,8.79
YJR120W,84.43
YJR121W,634.2
YJR122W,21.98
YJR123W,0
YJR124C,57.23
YJR125C,83.95
YJR126C,60.81
YJR127C,31.13
YJR128W,0
YJR129C,25.26
YJR130C,20.64
YJR131W,0
YJR132W,77.02
YJR133W,82.89
YJR134C,0
YJR135C,20.18
YJR135W-A,0
YJR136C,22.56
YJR137C,74.74
YJR138W,28.24
YJR139C,737.67
YJR140C,34.64
YJR140W-A,0
YJR141W,24.54
YJR142W,54.39
YJR143C,287.67
YJR144W,106.48
YJR145C,0
YJR146W,0
YJR147W,72.17
YJR148W,539.4
YJR149W,22.9
YJR150C,3.47
YJR151C,0
YJR151W-A,0
YJR152W,9.79
YJR153W,1.91
YJR154W,8.53
YJR155W,7.01
YJR156C,0
YJR157W,0
YJR158W,0
YJR159W,0
YJR160C,0
YJR161C,0
YJR162C,0
YKL001C,76.75
YKL002W,85.28
YKL003C,89.04
YKL004W,147.77
YKL005C,32.48
YKL006C-A,0
YKL006W,0
YKL007W,133.14
YKL008C,137.99
YKL009W,185.81
YKL010C,64.94
YKL011C,21.47
YKL012W,39.42
YKL013C,240.89
YKL014C,97.42
YKL015W,45.09
YKL016C,216.37
YKL017C,15.06
YKL018C-A,0
YKL018W,39.04
YKL019W,72.26
YKL020C,40.53
YKL021C,57.73
YKL022C,34.86
YKL023C-A,0
YKL023W,30.91
YKL024C,269.96
YKL025C,43.71
YKL026C,9.14
YKL027W,46.35
YKL028W,0
YKL029C,176.85
YKL030W,0
YKL031W,0
YKL032C,59.27
YKL033W,26.74
YKL033W-A,0
YKL034W,28.05
YKL035W,285.92
YKL036C,0
YKL037W,1.67
YKL038W,35.71
YKL039W,154.8
YKL040C,92.47
YKL041W,19.55
YKL042W,27.52
YKL043W,59.03
YKL044W,0
YKL045W,33.09
YKL046C,96.46
YKL047W,34.43
YKL048C,22.99
YKL049C,41.05
YKL050C,6.19
YKL051W,13.11
YKL052C,45.17
YKL053C-A,0
YKL053W,0
YKL054C,281.42
YKL055C,13.99
YKL056C,4567.22
YKL057C,80.58
YKL058W,138.37
YKL059C,32.59
YKL060C,15020.71
YKL061W,23.52
YKL062W,17.34
YKL063C,81.63
YKL064W,52.47
YKL065C,172.49
YKL065W-A,0
YKL066W,0
YKL067W,319.41
YKL068W,76.46
YKL068W-A,0
YKL069W,93.51
YKL070W,0.29
YKL071W,3.08
YKL072W,26.53
YKL073W,89.44
YKL074C,0
YKL075C,28
YKL076C,0
YKL077W,216.32
YKL078W,30.8
YKL079W,38.79
YKL080W,460.13
YKL081W,2121.36
YKL082C,67.47
YKL083W,0
YKL084W,62.37
YKL085W,155.31
YKL086W,5.43
YKL087C,34.05
YKL088W,30.34
YKL089W,18.29
YKL090W,0
YKL091C,27.94
YKL092C,31.83
YKL093W,2.9
YKL094W,121.86
YKL095W,16.29
YKL096C-B,0
YKL096W,222.6
YKL096W-A,0
YKL097C,0
YKL098W,30.19
YKL099C,95.87
YKL100C,0
YKL100W-A,0
YKL101W,69.74
YKL102C,0
YKL103C,88.47
YKL104C,0
YKL105C,22.61
YKL106C-A,0
YKL106W,81.41
YKL107W,0.48
YKL108W,23.25
YKL109W,29.49
YKL110C,0
YKL111C,0
YKL112W,85.7
YKL113C,77.56
YKL114C,73.35
YKL115C,0
YKL116C,30.97
YKL117W,391.44
YKL118W,0
YKL119C,52.19
YKL120W,212.35
YKL121W,15.13
YKL122C,109.04
YKL123W,0
YKL124W,19.12
YKL125W,43.41
YKL126W,108.63
YKL127W,160.16
YKL128C,140.97
YKL129C,46.43
YKL130C,57.22
YKL131W,0
YKL132C,13.73
YKL133C,12.54
YKL134C,27.03
YKL135C,63.79
YKL136W,0
YKL137W,82.91
YKL138C,87.91
YKL138C-A,0
YKL139W,0
YKL140W,47.42
YKL141W,121.3
YKL142W,213.94
YKL143W,76.74
YKL144C,0
YKL145W,271.68
YKL145W-A,0
YKL146W,43.03
YKL147C,0
YKL148C,41.91
YKL149C,26.25
YKL150W,108.21
YKL151C,42.5
YKL152C,0
YKL153W,0
YKL154W,0
YKL155C,32.05
YKL156C-A,0
YKL156W,0
YKL157W,0
YKL159C,18.89
YKL160W,302.41
YKL161C,10.12
YKL162C,7.22
YKL162C-A,0
YKL163W,0
YKL164C,0
YKL165C,68.23
YKL165C-A,0
YKL166C,48.84
YKL167C,61.79
YKL168C,20.53
YKL169C,0
YKL170W,67.05
YKL171W,20.63
YKL172W,163.09
YKL173W,39.01
YKL174C,41.57
YKL175W,86
YKL176C,68.71
YKL177W,0
YKL178C,7.33
YKL179C,68.93
YKL180W,3554.68
YKL181W,292.29
YKL182W,0
YKL183C-A,0
YKL183W,40.37
YKL184W,169.61
YKL185W,66.04
YKL186C,93.08
YKL187C,7.02
YKL188C,3.87
YKL189W,20.48
YKL190W,162.27
YKL191W,125.99
YKL192C,274.03
YKL193C,48.05
YKL194C,27.27
YKL195W,142.39
YKL196C,283.23
YKL197C,31.8
YKL198C,32.41
YKL201C,0
YKL202W,0
YKL203C,0
YKL204W,54.28
YKL205W,70.56
YKL206C,62.67
YKL207W,0
YKL208W,22.34
YKL209C,168.05
YKL210W,449.32
YKL211C,104.02
YKL212W,234.14
YKL213C,58.99
YKL214C,77.09
YKL215C,60.12
YKL216W,431.65
YKL217W,1.68
YKL218C,22.8
YKL219W,29.26
YKL220C,6.51
YKL221W,0.42
YKL222C,12.01
YKL223W,0
YKL224C,0
YKL225W,0
YKR001C,219.44
YKR002W,54.76
YKR003W,0
YKR004C,18.54
YKR005C,5.25
YKR006C,90.41
YKR007W,60.18
YKR008W,62.92
YKR009C,5.47
YKR010C,27.89
YKR011C,31.37
YKR012C,0
YKR013W,146.75
YKR014C,121.98
YKR015C,0.52
YKR016W,56.32
YKR017C,14.38
YKR018C,160.68
YKR019C,15.92
YKR020W,29.41
YKR021W,23.72
YKR022C,32.86
YKR023W,19.59
YKR024C,38.34
YKR025W,69.28
YKR026C,98.27
YKR027W,27.92
YKR028W,91.71
YKR029C,29.75
YKR030W,45.97
YKR031C,39.86
YKR032W,0
YKR033C,0
YKR034W,0.73
YKR035C,0
YKR035W-A,0
YKR036C,34.52
YKR037C,33.03
YKR038C,87.34
YKR039W,13.82
YKR040C,0
YKR041W,9.06
YKR042W,887.61
YKR043C,217.74
YKR044W,25.22
YKR045C,27.7
YKR046C,38.78
YKR047W,0
YKR048C,274.75
YKR049C,59.95
YKR050W,29.67
YKR051W,22.25
YKR052C,43.55
YKR053C,16.08
YKR054C,43.12
YKR055W,23.34
YKR056W,55.22
YKR057W,2206.17
YKR058W,9.75
YKR059W,0
YKR060W,46.52
YKR061W,14.82
YKR062W,69.02
YKR063C,27.35
YKR064W,27.43
YKR065C,129.91
YKR066C,163.46
YKR067W,55.04
YKR068C,98.17
YKR069W,16.76
YKR070W,85.85
YKR071C,123.6
YKR072C,68.57
YKR073C,0
YKR074W,137.48
YKR075C,16.67
YKR075W-A,0
YKR076W,21.28
YKR077W,13.56
YKR078W,17.33
YKR079C,0
YKR080W,159.49
YKR081C,145.21
YKR082W,79.88
YKR083C,41.81
YKR084C,86.67
YKR085C,115.59
YKR086W,27.39
YKR087C,35.66
YKR088C,67.47
YKR089C,57.33
YKR090W,36.39
YKR091W,13.6
YKR092C,223.28
YKR093W,219.54
YKR094C,0
YKR095W,91.37
YKR095W-A,0
YKR096W,37.56
YKR097W,2.42
YKR098C,14.83
YKR099W,30.77
YKR100C,0
YKR101W,15.05
YKR102W,0
YKR103W,7.07
YKR104W,6.92
YKR105C,0
YKR106W,0
YLL001W,53.44
YLL002W,18.74
YLL003W,21.12
YLL004W,26.21
YLL005C,0.11
YLL006W,46.44
YLL006W-A,0
YLL007C,16.58
YLL008W,102.75
YLL009C,150.5
YLL010C,53.36
YLL011W,80.21
YLL012W,41.14
YLL013C,82.86
YLL014W,193.67
YLL015W,43.34
YLL016W,0
YLL017W,0
YLL018C,536.15
YLL018C-A,0
YLL019C,33.72
YLL019W-A,0
YLL020C,0
YLL021W,78.29
YLL022C,45.64
YLL023C,66.85
YLL024C,0
YLL025W,0
YLL026W,354.1
YLL027W,57.68
YLL028W,57.36
YLL029W,103.42
YLL030C,0
YLL031C,65.38
YLL032C,27.26
YLL033W,14.34
YLL034C,72.91
YLL035W,29.36
YLL036C,42.56
YLL037W,0
YLL038C,33.67
YLL039C,0
YLL040C,93
YLL041C,46.07
YLL042C,4.72
YLL043W,80.33
YLL044W,0
YLL045C,0
YLL046C,1.38
YLL047W,0
YLL048C,163.26
YLL049W,64.61
YLL050C,0
YLL051C,50.53
YLL052C,11.89
YLL053C,15.54
YLL054C,16.29
YLL055W,11.31
YLL056C,11.73
YLL057C,0
YLL058W,32.35
YLL059C,0
YLL060C,9.93
YLL061W,53.1
YLL062C,27.34
YLL063C,7.89
YLL064C,0
YLL065W,0
YLL066C,0
YLL066W-A,0
YLL066W-B,0
YLL067C,0
YLL067W-A,0
YLR001C,28.89
YLR002C,70.52
YLR003C,81.86
YLR004C,2.63
YLR005W,40.25
YLR006C,28.89
YLR007W,35.3
YLR008C,115.71
YLR009W,0
YLR010C,13.53
YLR011W,18.81
YLR012C,0
YLR013W,0
YLR014C,16.44
YLR015W,25.92
YLR016C,37.63
YLR017W,136.54
YLR018C,69.46
YLR019W,62.35
YLR020C,54.06
YLR021W,60.76
YLR022C,0
YLR023C,55.02
YLR024C,34.97
YLR025W,63.77
YLR026C,53.85
YLR027C,488.73
YLR028C,209.27
YLR029C,0
YLR030W,4.12
YLR031W,4.5
YLR032W,26.99
YLR033W,55
YLR034C,109.46
YLR035C,13.95
YLR035C-A,0
YLR036C,0
YLR037C,0
YLR038C,111.47
YLR039C,36.35
YLR040C,16.26
YLR041W,0
YLR042C,19.26
YLR043C,857.19
YLR044C,19774.09
YLR045C,50.88
YLR046C,30.44
YLR047C,26.83
YLR048W,0
YLR049C,57.38
YLR050C,81.62
YLR051C,71.44
YLR052W,64.37
YLR053C,0
YLR054C,2.04
YLR055C,51.01
YLR056W,0
YLR057W,36.17
YLR058C,837.17
YLR059C,71.53
YLR060W,0
YLR061W,0
YLR062C,0
YLR063W,22.79
YLR064W,78.6
YLR065C,93.81
YLR066W,148.98
YLR067C,22.03
YLR068W,30.31
YLR069C,0
YLR070C,4.15
YLR071C,59.68
YLR072W,33.8
YLR073C,71.61
YLR074C,110.88
YLR075W,0
YLR076C,0
YLR077W,48.12
YLR078C,71.4
YLR079W,92.36
YLR080W,7.2
YLR081W,0.6
YLR082C,16.82
YLR083C,167.2
YLR084C,63.7
YLR085C,29.66
YLR086W,44.04
YLR087C,36.72
YLR088W,77.43
YLR089C,111.15
YLR090W,52.32
YLR091W,14.78
YLR092W,5.62
YLR093C,98.43
YLR094C,50.69
YLR095C,38.3
YLR096W,48.23
YLR097C,38.2
YLR098C,21.42
YLR099C,58.21
YLR099W-A,0
YLR100W,229.9
YLR101C,0
YLR102C,19.5
YLR103C,22.71
YLR104W,70.63
YLR105C,25.98
YLR106C,138.56
YLR107W,33.38
YLR108C,54.39
YLR109W,5109.64
YLR110C,8564.44
YLR111W,0
YLR112W,0
YLR113W,171.29
YLR114C,67.06
YLR115W,37.35
YLR116W,35.05
YLR117C,28.8
YLR118C,100.16
YLR119W,22.18
YLR120C,0
YLR120W-A,0
YLR121C,13.27
YLR122C,0
YLR123C,0
YLR124W,0
YLR125W,13.75
YLR126C,62.94
YLR127C,18.29
YLR128W,0
YLR129W,94.72
YLR130C,64.96
YLR131C,29.59
YLR132C,16.8
YLR133W,38.64
YLR134W,0
YLR135W,14.15
YLR136C,67.69
YLR137W,24
YLR138W,77.14
YLR139C,12.71
YLR140W,0
YLR141W,18.71
YLR142W,5.07
YLR143W,33.62
YLR144C,33.61
YLR145W,23.51
YLR146C,51.02
YLR146W-A,0
YLR147C,55.06
YLR148W,32.06
YLR149C,5.93
YLR149C-A,0
YLR150W,2735.82
YLR151C,12.74
YLR152C,15.04
YLR153C,371.16
YLR154C,100.67
YLR154C-G,0
YLR154C-H,0
YLR154W-A,0
YLR154W-B,0
YLR154W-C,0
YLR154W-E,0
YLR154W-F,0
YLR155C,0
YLR156C-A,0
YLR156W,0
YLR157C,0
YLR157C-A,0
YLR157C-B,0
YLR157C-C,0
YLR157W-D,0
YLR157W-E,0
YLR158C,0
YLR159C-A,0
YLR159W,0
YLR160C,0
YLR161W,0
YLR162W,0
YLR162W-A,0
YLR163C,76.59
YLR163W-A,0
YLR164W,8.79
YLR165C,10.46
YLR166C,52.32
YLR167W,0
YLR168C,46.65
YLR169W,0
YLR170C,67.2
YLR171W,0
YLR172C,255.75
YLR173W,20.72
YLR174W,9.91
YLR175W,503.66
YLR176C,14.26
YLR177W,28.45
YLR178C,61.35
YLR179C,458.6
YLR180W,689.13
YLR181C,49.81
YLR182W,41.43
YLR183C,48.91
YLR184W,0
YLR185W,3524.43
YLR186W,151.94
YLR187W,31.71
YLR188W,71.52
YLR189C,38.29
YLR190W,0
YLR191W,32.38
YLR192C,322.4
YLR193C,52.31
YLR194C,58.32
YLR195C,100.16
YLR196W,125.86
YLR197W,660.59
YLR198C,0
YLR199C,53.32
YLR200W,129.51
YLR201C,45.05
YLR202C,0
YLR203C,100.01
YLR204W,71.38
YLR205C,0
YLR206W,98.51
YLR207W,44.13
YLR208W,233.81
YLR209C,56.81
YLR210W,27.39
YLR211C,24.17
YLR212C,50.78
YLR213C,11.31
YLR214W,281.23
YLR215C,28.98
YLR216C,439.75
YLR217W,0
YLR218C,25.92
YLR219W,41.91
YLR220W,66.94
YLR221C,107.6
YLR222C,99.45
YLR222C-A,0
YLR223C,40.28
YLR224W,59.48
YLR225C,47.88
YLR226W,27.91
YLR227C,11.38
YLR227W-A,0
YLR227W-B,0
YLR228C,31.68
YLR229C,227.26
YLR230W,0
YLR231C,89.41
YLR232W,0
YLR233C,12.53
YLR234W,14.78
YLR235C,0
YLR236C,0
YLR237W,33.91
YLR238W,19.67
YLR239C,26.71
YLR240W,30.65
YLR241W,57.96
YLR242C,20.7
YLR243W,43.79
YLR244C,277.23
YLR245C,45.06
YLR246W,15.63
YLR247C,51.14
YLR248W,104.24
YLR249W,5360.28
YLR250W,130.61
YLR251W,22.48
YLR252W,0
YLR253W,36.59
YLR254C,27.08
YLR255C,0
YLR256W,0
YLR256W-A,0
YLR257W,193.79
YLR258W,85.93
YLR259C,1043.66
YLR260W,0
YLR261C,0
YLR262C,92.48
YLR262C-A,0
YLR263W,9.64
YLR264C-A,0
YLR264W,1801.1
YLR265C,26.77
YLR266C,27.1
YLR267W,3.28
YLR268W,121.66
YLR269C,0
YLR270W,76.21
YLR271W,14.37
YLR272C,38.67
YLR273C,9.49
YLR274W,47.63
YLR275W,0
YLR276C,121.79
YLR277C,39.61
YLR278C,31.49
YLR279W,0
YLR280C,0
YLR281C,7.62
YLR282C,0
YLR283W,0
YLR284C,10.72
YLR285C-A,0
YLR285W,109.55
YLR286C,921.94
YLR286W-A,0
YLR287C,73.2
YLR287C-A,0
YLR288C,19
YLR289W,0
YLR290C,36.42
YLR291C,141.31
YLR292C,114.49
YLR293C,1476.66
YLR294C,0
YLR295C,141.29
YLR296W,0
YLR297W,37.77
YLR298C,33.87
YLR299C-A,0
YLR299W,26.1
YLR300W,489.18
YLR301W,389.88
YLR302C,0
YLR303W,0
YLR304C,510.87
YLR305C,89.18
YLR306W,0
YLR307C-A,0
YLR307W,1.31
YLR308W,0
YLR309C,53.05
YLR310C,0
YLR311C,0
YLR312C,3.34
YLR312W-A,0
YLR313C,13.56
YLR314C,178.5
YLR315W,15.76
YLR316C,20.33
YLR317W,0
YLR318W,8.52
YLR319C,34.91
YLR320W,15.37
YLR321C,52.56
YLR322W,0
YLR323C,24.32
YLR324W,49.03
YLR325C,4071.55
YLR326W,27.89
YLR327C,43.49
YLR328W,84.32
YLR329W,1.86
YLR330W,127.84
YLR331C,0
YLR332W,57.85
YLR333C,2232.88
YLR334C,0
YLR335W,132.74
YLR336C,44.45
YLR337C,40.42
YLR338W,0
YLR339C,0
YLR340W,5352.55
YLR341W,0
YLR342W,591.86
YLR342W-A,0
YLR343W,6.38
YLR344W,0
YLR345W,30.46
YLR346C,41.91
YLR347C,163.31
YLR347W-A,0
YLR348C,169.77
YLR349W,0
YLR350W,0
YLR351C,166.42
YLR352W,19.21
YLR353W,25.95
YLR354C,987.23
YLR355C,2154.47
YLR356W,32.98
YLR357W,47.72
YLR358C,0
YLR359W,365.64
YLR360W,31.28
YLR361C,41.38
YLR361C-A,0
YLR362W,22.31
YLR363C,54.86
YLR363W-A,0
YLR364C-A,0
YLR364W,35.67
YLR365W,0
YLR366W,0
YLR367W,828.7
YLR368W,27.73
YLR369W,30.56
YLR370C,119.72
YLR371W,46.02
YLR372W,352.92
YLR373C,31.13
YLR374C,0
YLR375W,56.82
YLR376C,10.17
YLR377C,0.57
YLR378C,357.22
YLR379W,0
YLR380W,96.98
YLR381W,13.9
YLR382C,26.97
YLR383W,30.62
YLR384C,178.36
YLR385C,27.59
YLR386W,45.47
YLR387C,82.48
YLR388W,2747.22
YLR389C,79.26
YLR390W,51.41
YLR390W-A,0
YLR392C,20.14
YLR393W,26.81
YLR394W,15.42
YLR395C,167.83
YLR396C,34.61
YLR397C,51.04
YLR398C,64.36
YLR399C,167.52
YLR399W-A,0
YLR400W,0
YLR401C,66.45
YLR402W,0
YLR403W,58.8
YLR404W,0
YLR405W,32.85
YLR406C,1236.02
YLR406C-A,0
YLR407W,37.56
YLR408C,18.96
YLR409C,91.67
YLR410W,155.59
YLR410W-A,0
YLR410W-B,0
YLR411W,8.37
YLR412C-A,0
YLR412W,53.35
YLR413W,302.72
YLR414C,0
YLR415C,1.32
YLR416C,0
YLR417W,24.87
YLR418C,52.35
YLR419W,43.04
YLR420W,194.42
YLR421C,189.29
YLR422W,38.36
YLR423C,12.63
YLR424W,15.92
YLR425W,20.97
YLR426W,36.68
YLR427W,40.91
YLR428C,0
YLR429W,150.37
YLR430W,64.92
YLR431C,11.84
YLR432W,0
YLR433C,50.19
YLR434C,0
YLR435W,85.23
YLR436C,44.23
YLR437C,68.09
YLR437C-A,0
YLR438C-A,0
YLR438W,259.3
YLR439W,32.24
YLR440C,42.27
YLR441C,2984.33
YLR442C,25.56
YLR443W,33.18
YLR444C,0
YLR445W,0
YLR446W,8.87
YLR447C,510.12
YLR448W,0
YLR449W,222.47
YLR450W,66.4
YLR451W,24.61
YLR452C,110.77
YLR453C,8.85
YLR454W,63.48
YLR455W,62.49
YLR456W,16.89
YLR457C,12.03
YLR458W,0
YLR459W,54.71
YLR460C,0
YLR461W,0
YLR462W,0
YLR463C,0
YLR464W,0
YLR465C,0
YLR466C-A,0
YLR466C-B,0
YLR466W,0
YLR467C-A,0
YLR467W,0
YML001W,192.36
YML002W,14.76
YML003W,9.33
YML004C,210.44
YML005W,25.89
YML006C,25.24
YML007C-A,0
YML007W,81.01
YML008C,513.86
YML009C,168.74
YML009C-A,0
YML009W-B,0
YML010W,173.06
YML011C,29.47
YML012C-A,0
YML012W,479.08
YML013W,43.91
YML014W,57.51
YML015C,29.44
YML016C,39.97
YML017W,102.74
YML018C,81.52
YML019W,81.68
YML020W,18.97
YML021C,52.23
YML022W,390.03
YML023C,24.78
YML024W,0
YML025C,0
YML026C,0
YML027W,32.6
YML028W,3114.58
YML029W,41.99
YML030W,64.38
YML031C-A,0
YML031W,78.67
YML032C,55.8
YML034C-A,0
YML034W,56.77
YML035C,98.67
YML036W,44.32
YML037C,12.59
YML038C,60.91
YML039W,0
YML040W,0
YML041C,24.08
YML042W,4.85
YML043C,20
YML045W,0
YML045W-A,0
YML046W,45.69
YML047C,0.7
YML047W-A,0
YML048W,244.73
YML049C,46.47
YML050W,9.65
YML051W,81.12
YML052W,209.57
YML053C,35.05
YML054C,4.16
YML054C-A,0
YML055W,87.65
YML056C,442.37
YML057C-A,0
YML057W,55.57
YML058W,547.04
YML058W-A,0
YML059C,52.2
YML060W,31.02
YML061C,29.56
YML062C,27.87
YML063W,4332.81
YML064C,29.93
YML065W,35.7
YML066C,0.4
YML067C,116.88
YML068W,20.36
YML069W,123.84
YML070W,163.74
YML071C,35.19
YML072C,0
YML073C,3101.35
YML074C,319.36
YML075C,84.33
YML076C,23.15
YML077W,72.43
YML078W,325.03
YML079W,141.03
YML080W,36.53
YML081C-A,0
YML081W,59.48
YML082W,39.66
YML083C,0.24
YML084W,0
YML085C,388.87
YML086C,119.48
YML087C,4.57
YML088W,41.7
YML089C,0
YML090W,0
YML091C,25.43
YML092C,221.07
YML093W,82.77
YML094C-A,0
YML094W,107.49
YML095C,0
YML096W,35.06
YML097C,36.56
YML098W,36.54
YML099C,26.29
YML099W-A,0
YML100W,126.58
YML100W-A,0
YML101C,79.5
YML101C-A,0
YML102W,30.81
YML103C,95.87
YML104C,36.99
YML105C,104.38
YML106W,0
YML107C,19.16
YML108W,82.96
YML109W,23.82
YML110C,200.87
YML111W,48.04
YML112W,24.27
YML113W,41.67
YML114C,35.9
YML115C,98.8
YML116W,21.79
YML116W-A,0
YML117W,61.84
YML118W,6.24
YML119W,25.64
YML120C,41.35
YML121W,54.93
YML122C,0
YML123C,1312.61
YML124C,220.3
YML125C,254.43
YML126C,491.34
YML127W,67.6
YML128C,24.94
YML129C,124.44
YML130C,100.26
YML131W,34.92
YML132W,0
YML133C,0
YML133W-A,0
YML133W-B,0
YMR001C,65.97
YMR001C-A,0
YMR002W,388.98
YMR003W,27.09
YMR004W,50.95
YMR005W,52.89
YMR006C,96.34
YMR007W,0
YMR008C,48.25
YMR009W,0
YMR010W,78.99
YMR011W,222.42
YMR012W,426.44
YMR013C,28.07
YMR013C-A,0
YMR013W-A,0
YMR014W,45.04
YMR015C,164.11
YMR016C,37.43
YMR017W,1.61
YMR018W,3.35
YMR019W,27.49
YMR020W,26.16
YMR021C,34.46
YMR022W,99.92
YMR023C,0
YMR024W,55.78
YMR025W,14.35
YMR026C,34.41
YMR027W,137.28
YMR028W,24.47
YMR029C,0
YMR030W,8.9
YMR030W-A,0
YMR031C,70.06
YMR031W-A,0
YMR032W,33.32
YMR033W,67.97
YMR034C,12.81
YMR035W,41.43
YMR036C,18.3
YMR037C,41.94
YMR038C,209.11
YMR039C,59.16
YMR040W,6.77
YMR041C,20.27
YMR042W,0
YMR043W,80.88
YMR044W,40.72
YMR045C,0
YMR046C,0
YMR046W-A,0
YMR047C,81.63
YMR048W,24.22
YMR049C,124.16
YMR050C,0
YMR051C,0
YMR052C-A,0
YMR052W,13.99
YMR053C,6.72
YMR054W,78.63
YMR055C,16.08
YMR056C,10.35
YMR057C,0
YMR058W,687.38
YMR059W,24.22
YMR060C,38.98
YMR061W,60.19
YMR062C,0
YMR063W,17.5
YMR064W,38.38
YMR065W,8.89
YMR066W,17.65
YMR067C,39.75
YMR068W,9.7
YMR069W,8.63
YMR070W,35.86
YMR071C,109.63
YMR072W,312.5
YMR073C,45.3
YMR074C,276.62
YMR075C-A,0
YMR075W,26.41
YMR076C,43.82
YMR077C,25.61
YMR078C,37.53
YMR079W,338.35
YMR080C,112.06
YMR081C,1.02
YMR082C,0
YMR083W,581.39
YMR084W,4.13
YMR085W,2.96
YMR086C-A,0
YMR086W,48.45
YMR087W,20.97
YMR088C,55.43
YMR089C,107.38
YMR090W,24.5
YMR091C,90.74
YMR092C,169.89
YMR093W,84.13
YMR094W,15.34
YMR095C,0.44
YMR096W,21.04
YMR097C,31.92
YMR098C,30.8
YMR099C,281.04
YMR100W,40.96
YMR101C,1.87
YMR102C,39.06
YMR103C,0
YMR104C,16.21
YMR105C,64.7
YMR105W-A,0
YMR106C,0
YMR107W,3
YMR108W,424.09
YMR109W,116.15
YMR110C,46.99
YMR111C,17.68
YMR112C,43.2
YMR113W,32.85
YMR114C,12.3
YMR115W,42.83
YMR116C,4615.83
YMR117C,26.11
YMR118C,2.01
YMR119W,49.14
YMR119W-A,0
YMR120C,271.26
YMR121C,0
YMR122C,0
YMR122W-A,0
YMR123W,173.06
YMR124W,30.48
YMR125W,141.18
YMR126C,23.74
YMR127C,26.06
YMR128W,65.33
YMR129W,82.27
YMR130W,53.78
YMR131C,0
YMR132C,19.17
YMR133W,0.46
YMR134W,38.42
YMR135C,24.23
YMR135W-A,0
YMR136W,15.82
YMR137C,27.7
YMR138W,23.19
YMR139W,42.16
YMR140W,38.65
YMR141C,0
YMR141W-A,0
YMR142C,0
YMR143W,0
YMR144W,0
YMR145C,162.14
YMR146C,406.62
YMR147W,21.63
YMR148W,29.26
YMR149W,187.74
YMR150C,61.65
YMR151W,0
YMR152W,68.09
YMR153C-A,0
YMR153W,53.26
YMR154C,14.01
YMR155W,20.42
YMR156C,13.85
YMR157C,43.81
YMR158C-A,0
YMR158W,0
YMR158W-B,0
YMR159C,10.5
YMR160W,17.85
YMR161W,79.09
YMR162C,42.59
YMR163C,18.85
YMR164C,0
YMR165C,37.45
YMR166C,28.49
YMR167W,21.63
YMR168C,20.16
YMR169C,0
YMR170C,0
YMR171C,53.24
YMR172C-A,0
YMR172W,0
YMR173W,0
YMR173W-A,0
YMR174C,13.75
YMR175W,2.49
YMR175W-A,0
YMR176W,32.3
YMR177W,25.67
YMR178W,79.57
YMR179W,30.97
YMR180C,24.76
YMR181C,16.3
YMR182C,3.27
YMR182W-A,0
YMR183C,225.55
YMR184W,61.39
YMR185W,27.69
YMR186W,0
YMR187C,14.96
YMR188C,53.99
YMR189W,0
YMR190C,35.58
YMR191W,48.03
YMR192W,30.42
YMR193C-A,0
YMR193W,41.39
YMR194C-A,0
YMR194C-B,0
YMR194W,0
YMR195W,59.68
YMR196W,30.99
YMR197C,78.02
YMR198W,28.25
YMR199W,48.58
YMR200W,123.61
YMR201C,18.31
YMR202W,508.33
YMR203W,0
YMR204C,14.76
YMR205C,1026.17
YMR206W,0.31
YMR207C,27.28
YMR208W,64.55
YMR209C,43.51
YMR210W,24.22
YMR211W,20.62
YMR212C,76.4
YMR213W,20.35
YMR214W,94.64
YMR215W,162.76
YMR216C,89.94
YMR217W,665.66
YMR218C,0
YMR219W,44.44
YMR220W,110.76
YMR221C,80.46
YMR222C,50.98
YMR223W,35.42
YMR224C,16.29
YMR225C,0
YMR226C,342.84
YMR227C,16.68
YMR228W,30.6
YMR229C,336.3
YMR230W,0
YMR230W-A,0
YMR231W,40.27
YMR232W,7.41
YMR233W,31.36
YMR234W,37.05
YMR235C,269.41
YMR236W,152.35
YMR237W,122.08
YMR238W,74.9
YMR239C,35.94
YMR240C,21.67
YMR241W,291.21
YMR242C,0
YMR242W-A,0
YMR243C,271.01
YMR244C-A,0
YMR244W,1.25
YMR245W,0
YMR246W,335.14
YMR247C,58.73
YMR247W-A,0
YMR250W,42.57
YMR251W,3.5
YMR251W-A,0
YMR252C,35.63
YMR253C,25.44
YMR254C,0
YMR255W,57.85
YMR256C,111.55
YMR257C,21.47
YMR258C,45.83
YMR259C,51.85
YMR260C,920.28
YMR261C,112.39
YMR262W,30.5
YMR263W,44.07
YMR264W,129.7
YMR265C,17.51
YMR266W,117.9
YMR267W,54.45
YMR268C,17.73
YMR269W,7.46
YMR270C,42.74
YMR271C,9.97
YMR272C,94.58
YMR272W-A,0
YMR272W-B,0
YMR273C,0
YMR274C,18.59
YMR275C,42.81
YMR276W,288.95
YMR277W,63.13
YMR278W,54.12
YMR279C,1.09
YMR280C,3.54
YMR281W,28.82
YMR282C,31.9
YMR283C,0
YMR284W,21.5
YMR285C,35.74
YMR286W,86.98
YMR287C,21.18
YMR288W,29.35
YMR289W,45.53
YMR290C,179.02
YMR290W-A,0
YMR291W,61.48
YMR292W,128.03
YMR293C,12.3
YMR294W,19.66
YMR294W-A,0
YMR295C,275.55
YMR296C,145.53
YMR297W,404.63
YMR298W,140.43
YMR299C,26.5
YMR300C,167.72
YMR301C,45.72
YMR302C,0
YMR303C,0
YMR304C-A,0
YMR304W,61.86
YMR305C,308.44
YMR306C-A,0
YMR306W,3.12
YMR307C-A,0
YMR307W,1301.15
YMR308C,223.25
YMR309C,321.29
YMR310C,47.51
YMR311C,79.73
YMR312W,41.82
YMR313C,41.17
YMR314W,277.41
YMR315W,216.88
YMR315W-A,0
YMR316C-A,0
YMR316C-B,0
YMR316W,17.28
YMR317W,0
YMR318C,323.59
YMR319C,63.93
YMR320W,0
YMR321C,0
YMR322C,0
YMR323W,0
YMR324C,0
YMR325W,0
YMR326C,0
YNL001W,63.24
YNL002C,193.5
YNL003C,47.14
YNL004W,62.11
YNL005C,84.63
YNL006W,68.87
YNL007C,312.06
YNL008C,36.47
YNL009W,6.91
YNL010W,558.92
YNL011C,26.27
YNL012W,2.42
YNL013C,0
YNL014W,0
YNL015W,198.17
YNL016W,436.19
YNL017C,0
YNL018C,0
YNL019C,0
YNL020C,18.28
YNL021W,48.59
YNL022C,46.1
YNL023C,37.08
YNL024C,6.6
YNL024C-A,0
YNL025C,27.12
YNL026W,44.33
YNL027W,41.23
YNL028W,0
YNL029C,26.68
YNL030W,0
YNL031C,0
YNL032W,44.84
YNL033W,0
YNL034W,0
YNL035C,60.35
YNL036W,170.58
YNL037C,0
YNL038W,56.09
YNL039W,39.27
YNL040W,55.8
YNL041C,51.5
YNL042W,16.4
YNL042W-B,0
YNL043C,0
YNL044W,144.01
YNL045W,0
YNL046W,52.65
YNL047C,23.86
YNL048W,51.91
YNL049C,57.19
YNL050C,39.37
YNL051W,31.14
YNL052W,109.37
YNL053W,28.38
YNL054W,32.06
YNL054W-A,0
YNL054W-B,0
YNL055C,0
YNL056W,77.69
YNL057W,0
YNL058C,0
YNL059C,80.11
YNL061W,159.51
YNL062C,82.26
YNL063W,26.8
YNL064C,727.51
YNL065W,20.91
YNL066W,451.84
YNL067W,0
YNL067W-A,0
YNL067W-B,0
YNL068C,0
YNL069C,4611.25
YNL070W,221.47
YNL071W,488.16
YNL072W,36.87
YNL073W,49.21
YNL074C,51.83
YNL075W,83.33
YNL076W,32.95
YNL077W,25.35
YNL078W,67.96
YNL079C,617.28
YNL080C,66.16
YNL081C,102.56
YNL082W,22.66
YNL083W,20.32
YNL084C,119.02
YNL085W,250.1
YNL086W,21.71
YNL087W,117.31
YNL088W,105.18
YNL089C,0
YNL090W,83.05
YNL091W,66.08
YNL092W,5.54
YNL093W,0.45
YNL094W,46.28
YNL095C,25.6
YNL096C,0
YNL097C,29.38
YNL097C-B,0
YNL097W-A,0
YNL098C,0
YNL099C,84.37
YNL100W,51.74
YNL101W,0
YNL102W,68.02
YNL103W,48.26
YNL103W-A,0
YNL104C,331.46
YNL105W,0
YNL106C,22.84
YNL107W,30.49
YNL108C,85.31
YNL109W,0
YNL110C,166.21
YNL111C,172.25
YNL112W,254
YNL113W,188.19
YNL114C,0
YNL115C,33.09
YNL116W,33.56
YNL117W,1.24
YNL118C,86.2
YNL119W,37.73
YNL120C,0
YNL121C,244.48
YNL122C,44.08
YNL123W,100.9
YNL124W,26.41
YNL125C,23.47
YNL126W,29.84
YNL127W,31.71
YNL128W,3.18
YNL129W,51.27
YNL130C,153.78
YNL130C-A,0
YNL131W,0
YNL132W,144.71
YNL133C,21.34
YNL134C,100.39
YNL135C,1213.96
YNL136W,19.45
YNL137C,64.1
YNL138W,259.73
YNL138W-A,0
YNL139C,62.56
YNL140C,0
YNL141W,98.29
YNL142W,10.06
YNL143C,0
YNL144C,5.99
YNL144W-A,0
YNL145W,643.67
YNL146C-A,0
YNL146W,2.46
YNL147W,150.21
YNL148C,22.28
YNL149C,313.22
YNL150W,0
YNL151C,89.02
YNL152W,32.25
YNL153C,147.26
YNL154C,155.12
YNL155W,105.07
YNL156C,64.19
YNL157W,0
YNL158W,41.76
YNL159C,41.38
YNL160W,88.7
YNL161W,57.74
YNL162W,0
YNL162W-A,0
YNL163C,57.51
YNL164C,27.34
YNL165W,21.33
YNL166C,56.36
YNL167C,27.92
YNL168C,101.85
YNL169C,62.01
YNL170W,0
YNL171C,0
YNL172W,21.51
YNL173C,55.8
YNL174W,0
YNL175C,154.6
YNL176C,32.35
YNL177C,73.74
YNL178W,0
YNL179C,0
YNL180C,80.74
YNL181W,58.04
YNL182C,69.17
YNL183C,0
YNL184C,0
YNL185C,86.59
YNL186W,77.86
YNL187W,17.51
YNL188W,32.28
YNL189W,258.78
YNL190W,0
YNL191W,45.63
YNL192W,86.59
YNL193W,36.16
YNL194C,0.49
YNL195C,4.34
YNL196C,0.17
YNL197C,53.98
YNL198C,0
YNL199C,50.41
YNL200C,23.81
YNL201C,55.98
YNL202W,7.42
YNL203C,0
YNL204C,10.99
YNL205C,0
YNL206C,57.87
YNL207W,71.33
YNL208W,488.19
YNL209W,0
YNL210W,0
YNL211C,28.61
YNL212W,70.8
YNL213C,38.41
YNL214W,24.48
YNL215W,25.07
YNL216W,84.74
YNL217W,121.53
YNL218W,22.72
YNL219C,95.24
YNL220W,327.34
YNL221C,61.31
YNL222W,43.48
YNL223W,13.45
YNL224C,36.06
YNL225C,26.6
YNL226W,0
YNL227C,30.95
YNL228W,0
YNL229C,60.75
YNL230C,17.79
YNL231C,175.13
YNL232W,80.23
YNL233W,33.55
YNL234W,11.9
YNL235C,0
YNL236W,45.68
YNL237W,7.61
YNL238W,67.29
YNL239W,130.95
YNL240C,40.79
YNL241C,319.16
YNL242W,18.24
YNL243W,150.08
YNL244C,869.91
YNL245C,26.39
YNL246W,66.92
YNL247W,231.25
YNL248C,152.27
YNL249C,13.17
YNL250W,25.58
YNL251C,79.51
YNL252C,53.94
YNL253W,29.16
YNL254C,20.99
YNL255C,558.09
YNL256W,56.44
YNL257C,41.41
YNL258C,49.21
YNL259C,170.57
YNL260C,38.03
YNL261W,38.22
YNL262W,55.5
YNL263C,112.85
YNL264C,62.01
YNL265C,42.61
YNL266W,0
YNL267W,50.88
YNL268W,135.08
YNL269W,0.38
YNL270C,0
YNL271C,0
YNL272C,65.04
YNL273W,29.1
YNL274C,28.4
YNL275W,23.75
YNL276C,0
YNL277W,23.59
YNL277W-A,0
YNL278W,25.26
YNL279W,4.69
YNL280C,145.28
YNL281W,386.96
YNL282W,29.02
YNL283C,64.87
YNL284C,73.67
YNL284C-A,0
YNL284C-B,0
YNL285W,0
YNL286W,30.05
YNL287W,261.76
YNL288W,50.01
YNL289W,61.21
YNL290W,77.01
YNL291C,50.47
YNL292W,54.71
YNL293W,20.6
YNL294C,33.61
YNL295W,25.26
YNL296W,0
YNL297C,60.1
YNL298W,37.17
YNL299W,25.99
YNL300W,121.59
YNL301C,0
YNL302C,0
YNL303W,0
YNL304W,23.13
YNL305C,47.39
YNL306W,146.51
YNL307C,174.28
YNL308C,93.77
YNL309W,22.85
YNL310C,64.49
YNL311C,18.77
YNL312W,96.09
YNL313C,79.1
YNL314W,21.42
YNL315C,65.62
YNL316C,26.38
YNL317W,30.38
YNL318C,0
YNL319W,0
YNL320W,41.24
YNL321W,47.1
YNL322C,202.83
YNL323W,91.89
YNL324W,0
YNL325C,18.31
YNL326C,31.93
YNL327W,0
YNL328C,21.57
YNL329C,36.07
YNL330C,80.58
YNL331C,0
YNL332W,0
YNL333W,0
YNL334C,0
YNL335W,0
YNL336W,0
YNL337W,0
YNL338W,0
YNL339C,0
YNL339W-A,0
YNL339W-B,0
YNR001C,165.42
YNR001W-A,0
YNR002C,2.27
YNR003C,66.76
YNR003W-A,0
YNR004W,14.16
YNR005C,0
YNR006W,34.42
YNR007C,13.49
YNR008W,0
YNR009W,35.58
YNR010W,29.07
YNR011C,31.69
YNR012W,41.16
YNR013C,71.78
YNR014W,6.96
YNR015W,0
YNR016C,670.29
YNR017W,177.13
YNR018W,173.79
YNR019W,63.55
YNR020C,19.32
YNR021W,256.67
YNR022C,94.18
YNR023W,23.13
YNR024W,31.75
YNR025C,0
YNR026C,50.89
YNR027W,32.6
YNR028W,62.64
YNR029C,36.94
YNR030W,84.23
YNR031C,46.72
YNR032C-A,0
YNR032W,0
YNR033W,55.09
YNR034W,25.91
YNR034W-A,0
YNR035C,202.9
YNR036C,217.77
YNR037C,130.88
YNR038W,69.09
YNR039C,29.04
YNR040W,33.45
YNR041C,39.16
YNR042W,0
YNR043W,235.51
YNR044W,31.7
YNR045W,17.61
YNR046W,135.25
YNR047W,55.28
YNR048W,18.53
YNR049C,36.09
YNR050C,152.39
YNR051C,0
YNR052C,62.51
YNR053C,156.45
YNR054C,51.39
YNR055C,60.55
YNR056C,1.23
YNR057C,10.8
YNR058W,4.2
YNR059W,14
YNR060W,5.48
YNR061C,103.82
YNR062C,1.51
YNR063W,12.08
YNR064C,1.53
YNR065C,0
YNR066C,12.19
YNR067C,190.82
YNR068C,10.49
YNR069C,12.08
YNR070W,1.4
YNR071C,1.44
YNR072W,0
YNR073C,0
YNR074C,43.1
YNR075C-A,0
YNR075W,20.66
YNR076W,0
YNR077C,0
YOL001W,23.18
YOL002C,66.6
YOL003C,35.67
YOL004W,133.77
YOL005C,136.98
YOL006C,70.65
YOL007C,57.87
YOL008W,35.9
YOL009C,13.26
YOL010W,64.1
YOL011W,39.39
YOL012C,222.2
YOL013C,0
YOL013W-A,0
YOL013W-B,0
YOL014W,25.8
YOL015W,4.03
YOL016C,47.01
YOL017W,17.51
YOL018C,30.99
YOL019W,51.45
YOL019W-A,0
YOL020W,94.69
YOL021C,91.35
YOL022C,84.56
YOL023W,0
YOL024W,1.43
YOL025W,19.16
YOL026C,0
YOL027C,113.2
YOL028C,45.6
YOL029C,0
YOL030W,199.2
YOL031C,47.81
YOL032W,25.41
YOL033W,0
YOL034W,23.55
YOL035C,0
YOL036W,56.52
YOL037C,0
YOL038C-A,0
YOL038W,231.73
YOL039W,4069.48
YOL040C,0
YOL041C,126.95
YOL042W,32.67
YOL043C,15.02
YOL044W,16.58
YOL045W,42.24
YOL046C,0
YOL047C,0.83
YOL048C,26.33
YOL049W,154.06
YOL050C,0
YOL051W,0
YOL052C,73.95
YOL052C-A,0
YOL053W,21.68
YOL054W,15.88
YOL055C,17.15
YOL056W,39.63
YOL057W,84.86
YOL058W,29.41
YOL059W,185.9
YOL060C,50.89
YOL061W,162.63
YOL062C,68.56
YOL063C,31.16
YOL064C,88.37
YOL065C,23.71
YOL066C,32.06
YOL067C,56.72
YOL068C,0
YOL069W,38.85
YOL070C,65.72
YOL071W,28.86
YOL072W,17.52
YOL073C,33.17
YOL075C,23.31
YOL076W,81.98
YOL077C,218.67
YOL077W-A,0
YOL078W,16.99
YOL079W,0
YOL080C,46.32
YOL081W,69.58
YOL082W,45.78
YOL083C-A,0
YOL083W,9.08
YOL084W,1.24
YOL085C,0
YOL085W-A,0
YOL086C,11282.57
YOL086W-A,0
YOL087C,37.13
YOL088C,90.61
YOL089C,25.56
YOL090W,83.83
YOL091W,2.83
YOL092W,111.85
YOL093W,35.61
YOL094C,47.69
YOL095C,17.15
YOL096C,26.82
YOL097C,250.52
YOL097W-A,0
YOL098C,122.92
YOL099C,0
YOL100W,26.77
YOL101C,22.24
YOL102C,52
YOL103W,94.47
YOL103W-A,0
YOL103W-B,0
YOL104C,26.15
YOL105C,12.22
YOL106W,0
YOL107W,28.64
YOL108C,20.53
YOL109W,3021.25
YOL110W,21.39
YOL111C,83.57
YOL112W,21.61
YOL113W,31.26
YOL114C,13.64
YOL115W,53.43
YOL116W,35.3
YOL117W,17.02
YOL118C,0
YOL119C,36.05
YOL120C,0
YOL121C,0
YOL122C,45.88
YOL123W,215.11
YOL124C,70.13
YOL125W,35.36
YOL126C,81.2
YOL127W,7018.96
YOL128C,19.29
YOL129W,0
YOL130W,69.84
YOL131W,0
YOL132W,1.25
YOL133W,113.88
YOL134C,0
YOL135C,26.6
YOL136C,56.16
YOL137W,29.51
YOL138C,23.12
YOL139C,767.1
YOL140W,36.42
YOL141W,20.89
YOL142W,87.15
YOL143C,371.58
YOL144W,27.35
YOL145C,88.97
YOL146W,34.25
YOL147C,50.47
YOL148C,40.41
YOL149W,64.77
YOL150C,0
YOL151W,101.31
YOL152W,35.64
YOL153C,0
YOL154W,8.89
YOL155C,0
YOL155W-A,0
YOL156W,0
YOL157C,0
YOL158C,174.36
YOL159C,32.52
YOL159C-A,0
YOL160W,0
YOL161C,0
YOL162W,0
YOL163W,1.46
YOL164W,13.48
YOL164W-A,0
YOL165C,0
YOL166C,0
YOL166W-A,0
YOR001W,78.82
YOR002W,93.63
YOR003W,8.13
YOR004W,80.02
YOR005C,10.27
YOR006C,40.25
YOR007C,708.92
YOR008C,82.02
YOR008C-A,0
YOR008W-B,0
YOR009W,0
YOR010C,4.71
YOR011W,22.35
YOR011W-A,0
YOR012W,14.01
YOR013W,0
YOR014W,109.09
YOR015W,0
YOR016C,75.6
YOR017W,28.18
YOR018W,25.05
YOR019W,5.06
YOR020C,1016.33
YOR020W-A,0
YOR021C,186.92
YOR022C,15.83
YOR023C,33.22
YOR024W,0
YOR025W,68.37
YOR026W,32.33
YOR027W,574.36
YOR028C,15.52
YOR029W,0
YOR030W,22.82
YOR031W,0
YOR032C,0.11
YOR032W-A,0
YOR033C,34.63
YOR034C,39.56
YOR034C-A,0
YOR035C,36.61
YOR036W,24.09
YOR037W,22.32
YOR038C,27.9
YOR039W,123.99
YOR040W,20.72
YOR041C,0
YOR042W,113.52
YOR043W,77.37
YOR044W,19.44
YOR045W,0
YOR046C,239.74
YOR047C,37.24
YOR048C,98.18
YOR049C,14.32
YOR050C,0
YOR051C,131.28
YOR052C,116.15
YOR053W,0
YOR054C,18.04
YOR055W,0
YOR056C,75.7
YOR057W,56.94
YOR058C,38.37
YOR059C,0
YOR060C,30.64
YOR061W,107.28
YOR062C,13.41
YOR063W,0
YOR064C,25.39
YOR065W,64.98
YOR066W,27.78
YOR067C,77.79
YOR068C,0
YOR069W,44.91
YOR070C,25.11
YOR071C,0
YOR072W,0
YOR072W-A,0
YOR072W-B,0
YOR073W,29.03
YOR073W-A,0
YOR074C,64.43
YOR075W,35.99
YOR076C,29.52
YOR077W,21
YOR078W,0
YOR079C,27.67
YOR080W,25.08
YOR081C,30.62
YOR082C,0
YOR083W,26.69
YOR084W,34.46
YOR085W,141.88
YOR086C,143.16
YOR087W,46.81
YOR089C,78.51
YOR090C,57.39
YOR091W,144.51
YOR092W,38.05
YOR093C,29.42
YOR094W,35.5
YOR095C,125.71
YOR096W,3568.57
YOR097C,0
YOR098C,81.46
YOR099W,262.6
YOR100C,1.35
YOR101W,75.02
YOR102W,0
YOR103C,117.74
YOR104W,26.88
YOR105W,0
YOR106W,33.74
YOR107W,2.87
YOR108C-A,0
YOR108W,163.78
YOR109W,95.54
YOR110W,39.94
YOR111W,18.67
YOR112W,40.1
YOR113W,27.62
YOR114W,10.55
YOR115C,55.09
YOR116C,128.33
YOR117W,0
YOR118W,32.29
YOR119C,40.16
YOR120W,24.92
YOR121C,0
YOR122C,1140.92
YOR123C,65.97
YOR124C,79.63
YOR125C,48.79
YOR126C,36.81
YOR127W,39.34
YOR128C,116.01
YOR129C,16.15
YOR130C,30.34
YOR131C,51.92
YOR132W,63.15
YOR133W,0
YOR134W,0.36
YOR135C,0
YOR136W,361.17
YOR137C,17.01
YOR138C,40.27
YOR139C,0
YOR140W,24.54
YOR141C,48.32
YOR142W,193.57
YOR142W-A,0
YOR142W-B,0
YOR143C,29.47
YOR144C,24.64
YOR145C,163.09
YOR146W,0
YOR147W,31.57
YOR148C,43.36
YOR149C,28.99
YOR150W,112.02
YOR151C,245.91
YOR152C,24.03
YOR153W,1503.79
YOR154W,25.57
YOR155C,43.42
YOR156C,0
YOR157C,266.06
YOR158W,52.31
YOR159C,60.73
YOR160W,37.87
YOR161C,38.62
YOR161C-C,0
YOR161W-A,0
YOR161W-B,0
YOR162C,19.93
YOR163W,112.57
YOR164C,165.63
YOR165W,111.75
YOR166C,29.77
YOR167C,2739.12
YOR168W,375.53
YOR169C,0
YOR170W,0
YOR171C,60.73
YOR172W,25.42
YOR173W,20.63
YOR174W,37.08
YOR175C,126.81
YOR176W,113.33
YOR177C,5.2
YOR178C,0.68
YOR179C,39.53
YOR180C,15.62
YOR181W,32.34
YOR182C,0
YOR183W,0.76
YOR184W,0
YOR185C,74.49
YOR186C-A,0
YOR186W,1.37
YOR187W,0
YOR188W,42.89
YOR189W,75.94
YOR190W,3.32
YOR191W,42.86
YOR192C,0
YOR192C-A,0
YOR192C-B,0
YOR192C-C,0
YOR193W,24.74
YOR194C,58.33
YOR195W,41.6
YOR196C,51.12
YOR197W,206.88
YOR198C,446.7
YOR199W,0
YOR200W,0
YOR201C,47.9
YOR202W,0
YOR203W,0
YOR204W,666.84
YOR205C,27.62
YOR206W,139.53
YOR207C,107.72
YOR208W,17.59
YOR209C,0
YOR210W,0
YOR211C,57.48
YOR212W,124.72
YOR213C,30.16
YOR214C,0.21
YOR215C,57.46
YOR216C,61.11
YOR217W,71.79
YOR218C,0
YOR219C,32.77
YOR220W,45.5
YOR221C,46.62
YOR222W,52.74
YOR223W,20.9
YOR224C,372.14
YOR225W,0
YOR226C,124.93
YOR227W,38.83
YOR228C,14.83
YOR229W,32.67
YOR230W,410.72
YOR231C-A,0
YOR231W,0
YOR232W,316.87
YOR233W,41.77
YOR234C,1558.77
YOR235W,0
YOR236W,64.84
YOR237W,4.88
YOR238W,32.32
YOR239W,126.95
YOR241W,77.77
YOR242C,7.56
YOR243C,113.5
YOR244W,31.96
YOR245C,34.5
YOR246C,107.82
YOR247W,324.35
YOR248W,0
YOR249C,19.61
YOR250C,37.05
YOR251C,77.87
YOR252W,64.7
YOR253W,159.11
YOR254C,215.79
YOR255W,0
YOR256C,0
YOR257W,0
YOR258W,15.42
YOR259C,215.1
YOR260W,154.37
YOR261C,257.28
YOR262W,41.7
YOR263C,0
YOR264W,87.9
YOR265W,123.96
YOR266W,17.68
YOR267C,0
YOR268C,0
YOR269W,17.83
YOR270C,422.83
YOR271C,188.58
YOR272W,109.45
YOR273C,37.71
YOR274W,26.1
YOR275C,42.66
YOR276W,555.42
YOR277C,0
YOR278W,34
YOR279C,13.81
YOR280C,46.62
YOR281C,112.54
YOR282W,0
YOR283W,102.92
YOR284W,25.52
YOR285W,0
YOR286W,134.1
YOR287C,38.72
YOR288C,39.15
YOR289W,14.71
YOR290C,81.12
YOR291W,43.06
YOR292C,25.16
YOR293C-A,0
YOR293W,3810.14
YOR294W,161.46
YOR295W,25.9
YOR296W,25.24
YOR297C,0
YOR298C-A,0
YOR298W,3.39
YOR299W,47.83
YOR300W,0
YOR301W,99.9
YOR302W,49.21
YOR303W,93.52
YOR304C-A,0
YOR304W,56.2
YOR305W,50.03
YOR306C,0
YOR307C,52.04
YOR308C,24.4
YOR309C,0
YOR310C,470.57
YOR311C,80.61
YOR312C,0
YOR313C,6.41
YOR314W,0
YOR314W-A,0
YOR315W,102.41
YOR316C,65.69
YOR316C-A,0
YOR317W,132.32
YOR318C,0
YOR319W,36.28
YOR320C,0
YOR321W,50.46
YOR322C,46.09
YOR323C,313.31
YOR324C,29.92
YOR325W,0
YOR326W,0
YOR327C,188.73
YOR328W,12.02
YOR329C,34.54
YOR329W-A,0
YOR330C,43.88
YOR331C,0
YOR332W,829.89
YOR333C,0
YOR334W,15.6
YOR335C,543.67
YOR335W-A,0
YOR336W,54.8
YOR337W,25.55
YOR338W,0
YOR339C,3.47
YOR340C,154.14
YOR341W,350
YOR342C,69.89
YOR343C,0
YOR343W-A,0
YOR343W-B,0
YOR344C,59.02
YOR345C,0
YOR346W,44.32
YOR347C,46.98
YOR348C,1.65
YOR349W,12.33
YOR350C,20.71
YOR351C,0.2
YOR352W,22.1
YOR353C,34.72
YOR354C,0
YOR355W,145.85
YOR356W,75.89
YOR357C,99.34
YOR358W,20.95
YOR359W,29.55
YOR360C,45.19
YOR361C,295.42
YOR362C,255.98
YOR363C,17.94
YOR364W,0
YOR365C,0.14
YOR366W,0
YOR367W,79.24
YOR368W,19.64
YOR369C,6945.1
YOR370C,125.04
YOR371C,39.67
YOR372C,0
YOR373W,0
YOR374W,140.53
YOR375C,531.6
YOR376W,0
YOR376W-A,0
YOR377W,38.81
YOR378W,5.54
YOR379C,0
YOR380W,12.71
YOR381W,15.71
YOR381W-A,0
YOR382W,294
YOR383C,356.56
YOR384W,10.07
YOR385W,16.12
YOR386W,18.21
YOR387C,0.24
YOR388C,0
YOR389W,0
YOR390W,0
YOR391C,0
YOR392W,0
YOR393W,0
YOR394C-A,0
YOR394W,0
YOR396C-A,0
YOR396W,0
YPL001W,39.35
YPL002C,0
YPL003W,25.35
YPL004C,335.12
YPL005W,11.21
YPL006W,56.83
YPL007C,30.05
YPL008W,20.23
YPL009C,0
YPL010W,301.54
YPL011C,41.27
YPL012W,134.7
YPL013C,82.57
YPL014W,16.02
YPL015C,82.58
YPL016W,0
YPL017C,5.23
YPL018W,33.21
YPL019C,591.46
YPL020C,33.36
YPL021W,0
YPL022W,43.49
YPL023C,60.83
YPL024W,34.92
YPL025C,0
YPL026C,31.08
YPL027W,0.2
YPL028W,0
YPL029W,25.38
YPL030W,51.56
YPL031C,63.25
YPL032C,91.57
YPL033C,0.35
YPL034W,28.63
YPL035C,0
YPL036W,0
YPL037C,1490.54
YPL038W,47.27
YPL038W-A,0
YPL039W,21.03
YPL040C,25.34
YPL041C,15.45
YPL042C,30.06
YPL043W,112.3
YPL044C,0
YPL045W,35.21
YPL046C,45.73
YPL047W,44.24
YPL048W,455.38
YPL049C,83.95
YPL050C,170.69
YPL051W,31.32
YPL052W,19.21
YPL053C,102.07
YPL054W,1.8
YPL055C,47.58
YPL056C,10.23
YPL057C,60.55
YPL058C,48.2
YPL059W,170.94
YPL060C-A,0
YPL060W,14.54
YPL061W,1919.07
YPL062W,0
YPL063W,163.05
YPL064C,45.78
YPL065W,26.03
YPL066W,42.64
YPL067C,28.09
YPL068C,21.33
YPL069C,28.5
YPL070W,24.61
YPL071C,39.12
YPL072W,21.2
YPL073C,0
YPL074W,27.09
YPL075W,0
YPL076W,15.64
YPL077C,13.53
YPL078C,204.52
YPL079W,0
YPL080C,0
YPL081W,0
YPL082C,85.72
YPL083C,0
YPL084W,61.05
YPL085W,109.66
YPL086C,89.06
YPL087W,59.77
YPL088W,11.94
YPL089C,20.31
YPL090C,0
YPL091W,185.45
YPL092W,63.51
YPL093W,274.06
YPL094C,217.33
YPL095C,15.97
YPL096C-A,0
YPL096W,24
YPL097W,26.31
YPL098C,135.01
YPL099C,35.96
YPL100W,28.08
YPL101W,51.59
YPL102C,0
YPL103C,25.76
YPL104W,28.05
YPL105C,65.04
YPL106C,1567.76
YPL107W,19.45
YPL108W,21.09
YPL109C,14.16
YPL110C,33.64
YPL111W,201.74
YPL112C,86.44
YPL113C,6.59
YPL114W,0
YPL115C,51.57
YPL116W,48.65
YPL117C,177.55
YPL118W,106.15
YPL119C,7.18
YPL119C-A,0
YPL120W,24.12
YPL121C,0
YPL122C,42.79
YPL123C,13.95
YPL124W,14.39
YPL125W,54.51
YPL126W,125.67
YPL127C,155.85
YPL128C,49.56
YPL129W,111.54
YPL130W,0.66
YPL131W,4881.52
YPL132W,29.69
YPL133C,26.7
YPL134C,28.1
YPL135C-A,0
YPL135W,153.31
YPL136W,0
YPL137C,68.65
YPL138C,29
YPL139C,26.43
YPL140C,18.29
YPL141C,38.35
YPL142C,0
YPL143W,3438.12
YPL144W,68.5
YPL145C,240.86
YPL146C,69.33
YPL147W,6.79
YPL148C,10.24
YPL149W,32.81
YPL150W,28.95
YPL151C,33.94
YPL152W,32.99
YPL152W-A,0
YPL153C,20.08
YPL154C,486.07
YPL155C,26.7
YPL156C,21.66
YPL157W,37.03
YPL158C,57.27
YPL159C,35.21
YPL160W,615.09
YPL161C,24.65
YPL162C,36.05
YPL163C,105.43
YPL164C,15.97
YPL165C,0.13
YPL166W,14.33
YPL167C,11.88
YPL168W,20.6
YPL169C,70.25
YPL170W,43.06
YPL171C,1.48
YPL172C,26.1
YPL173W,0
YPL174C,16.33
YPL175W,25.26
YPL176C,46.64
YPL177C,94.57
YPL178W,154.27
YPL179W,78.17
YPL180W,35.6
YPL181W,45.03
YPL182C,0
YPL183C,68.36
YPL183W-A,0
YPL184C,113.23
YPL185W,0
YPL186C,5.99
YPL187W,0
YPL188W,39.94
YPL189C-A,0
YPL189W,2.75
YPL190C,0
YPL191C,19.82
YPL192C,1.11
YPL193W,33.2
YPL194W,21.71
YPL195W,89.19
YPL196W,29.93
YPL197C,0
YPL198W,0
YPL199C,139.65
YPL200W,0
YPL201C,1.28
YPL202C,34.43
YPL203W,0
YPL204W,99.43
YPL205C,0
YPL206C,58.11
YPL207W,86.88
YPL208W,48.29
YPL209C,12.61
YPL210C,118.81
YPL211W,227.31
YPL212C,97.43
YPL213W,26.88
YPL214C,26.25
YPL215W,61.41
YPL216W,9.24
YPL217C,91.56
YPL218W,0
YPL219W,19.11
YPL220W,0
YPL221W,80.99
YPL222C-A,0
YPL222W,15.59
YPL223C,5.27
YPL224C,34.67
YPL225W,472.93
YPL226W,268.09
YPL227C,101.23
YPL228W,43.84
YPL229W,11.23
YPL230W,4.66
YPL231W,896.19
YPL232W,132.88
YPL233W,46.71
YPL234C,378.41
YPL235W,137.93
YPL236C,18.25
YPL237W,558.11
YPL238C,0
YPL239W,127.47
YPL240C,0
YPL241C,28.46
YPL242C,50.24
YPL243W,118.8
YPL244C,68.67
YPL245W,40.65
YPL246C,124.54
YPL247C,23.62
YPL248C,4.19
YPL249C,34.24
YPL249C-A,0
YPL250C,43.42
YPL250W-A,0
YPL251W,0
YPL252C,87.27
YPL253C,19.09
YPL254W,0
YPL255W,26.33
YPL256C,85.15
YPL257W,0
YPL257W-A,0
YPL257W-B,0
YPL258C,9.83
YPL259C,52.94
YPL260W,85.57
YPL261C,0
YPL262W,206.34
YPL263C,105.16
YPL264C,4.74
YPL265W,198.72
YPL266W,127.99
YPL267W,28.73
YPL268W,23.45
YPL269W,19.49
YPL270W,0
YPL271W,277.82
YPL272C,7.04
YPL273W,0
YPL274W,96.08
YPL275W,0
YPL276W,0
YPL277C,0
YPL278C,0
YPL279C,0
YPL280W,0
YPL281C,0
YPL282C,0
YPL283C,0
YPL283W-A,0
YPL283W-B,0
YPR001W,2.94
YPR002C-A,0
YPR002W,9.54
YPR003C,22.78
YPR004C,144.93
YPR005C,12.89
YPR006C,16.86
YPR007C,1.16
YPR008W,37.87
YPR009W,40.03
YPR010C,314.8
YPR010C-A,0
YPR011C,33.82
YPR012W,0
YPR013C,18.16
YPR014C,0
YPR015C,2.59
YPR016C,272.79
YPR016W-A,0
YPR017C,44.74
YPR018W,26.96
YPR019W,65.88
YPR020W,83.88
YPR021C,28.54
YPR022C,35.71
YPR023C,90.7
YPR024W,134.53
YPR025C,33.06
YPR026W,15.61
YPR027C,0.53
YPR028W,521.95
YPR029C,71.4
YPR030W,3.07
YPR031W,18.82
YPR032W,32.54
YPR033C,372.89
YPR034W,81.61
YPR035W,0
YPR036W,450.14
YPR036W-A,0
YPR037C,74.32
YPR038W,0
YPR039W,0
YPR040W,32.76
YPR041W,312.91
YPR042C,0
YPR043W,0
YPR044C,0
YPR045C,54.66
YPR046W,25.83
YPR047W,16.47
YPR048W,42.18
YPR049C,20.3
YPR050C,0
YPR051W,71.31
YPR052C,504.32
YPR053C,0
YPR054W,1.27
YPR055W,39.88
YPR056W,40.62
YPR057W,36.51
YPR058W,75.02
YPR059C,0
YPR060C,94.58
YPR061C,10.79
YPR062W,200.28
YPR063C,163.46
YPR064W,0
YPR065W,46.41
YPR066W,13
YPR067W,62.25
YPR068C,11.1
YPR069C,599.31
YPR070W,32.09
YPR071W,29.16
YPR072W,100.8
YPR073C,155.29
YPR074C,1031.98
YPR074W-A,0
YPR075C,82.71
YPR076W,0
YPR077C,0
YPR078C,0.26
YPR079W,30.48
YPR080W,0
YPR081C,20.39
YPR082C,47.15
YPR083W,14.62
YPR084W,21.05
YPR085C,21.11
YPR086W,97.15
YPR087W,0
YPR088C,199.77
YPR089W,49.44
YPR091C,76.7
YPR092W,0
YPR093C,16.4
YPR094W,56.11
YPR095C,26.01
YPR096C,10.83
YPR097W,68.71
YPR098C,76.11
YPR099C,0
YPR100W,111.44
YPR101W,40.78
YPR102C,0
YPR103W,267.68
YPR104C,35.54
YPR105C,61.85
YPR106W,38.22
YPR107C,33.36
YPR108W,185.16
YPR108W-A,0
YPR109W,39.67
YPR110C,328.05
YPR111W,24.69
YPR112C,85.61
YPR113W,344.5
YPR114W,127.65
YPR115W,50.26
YPR116W,21.85
YPR117W,21.49
YPR118W,171.47
YPR119W,69.46
YPR120C,30.32
YPR121W,9.29
YPR122W,38.01
YPR123C,0
YPR124W,357.59
YPR125W,46.18
YPR126C,0
YPR127W,52.5
YPR128C,74.42
YPR129W,128.75
YPR130C,0
YPR131C,58.05
YPR132W,0
YPR133C,95.07
YPR133W-A,0
YPR134W,24.97
YPR135W,37.59
YPR136C,0
YPR137C-A,0
YPR137C-B,0
YPR137W,0
YPR138C,69.14
YPR139C,59.06
YPR140W,33.33
YPR141C,22.48
YPR142C,0
YPR143W,79.73
YPR144C,59.38
YPR145C-A,0
YPR145W,516.24
YPR146C,0
YPR147C,67.99
YPR148C,133.84
YPR149W,717.45
YPR150W,0
YPR151C,1.43
YPR152C,16.4
YPR153W,14.76
YPR154W,0
YPR155C,22.37
YPR156C,0
YPR157W,6.32
YPR158C-C,0
YPR158C-D,0
YPR158W,44.53
YPR158W-A,0
YPR158W-B,0
YPR159C-A,0
YPR159W,149.22
YPR160C-A,0
YPR160W,43.59
YPR160W-A,0
YPR161C,55.81
YPR162C,30.7
YPR163C,560.32
YPR164W,44.04
YPR165W,536.65
YPR166C,108.7
YPR167C,14.52
YPR168W,33.23
YPR169W,74.22
YPR169W-A,0
YPR170C,0
YPR170W-A,0
YPR170W-B,0
YPR171W,34.77
YPR172W,81.2
YPR173C,107.66
YPR174C,31.84
YPR175W,27.36
YPR176C,45.28
YPR177C,0
YPR178W,21.59
YPR179C,23.22
YPR180W,45.1
YPR181C,303.81
YPR182W,103.01
YPR183W,221.37
YPR184W,16.21
YPR185W,26.34
YPR186C,22.37
YPR187W,0
YPR188C,93.3
YPR189W,68.87
YPR190C,60.88
YPR191W,122.77
YPR192W,1.77
YPR193C,7.57
YPR194C,6.96
YPR195C,0
YPR196W,0
YPR197C,0
YPR198W,33.26
YPR199C,39.17
YPR200C,14.76
YPR201W,3.17
YPR202W,0
YPR203W,0
YPR204C-A,0
YPR204W,0
Q0010,0
Q0017,0
Q0032,0
Q0045,0
Q0050,0
Q0055,0
Q0060,0
Q0065,0
Q0070,0
Q0075,0
Q0080,0
Q0085,0
Q0092,0
Q0105,0
Q0110,0
Q0115,0
Q0120,0
Q0130,0
Q0140,0
Q0142,0
Q0143,0
Q0144,0
Q0160,0
Q0182,0
Q0250,0
Q0255,0
Q0275,0
Q0297,0
R0010W,0
R0020C,0
R0030W,0
R0040C,0
