ORF,TF
YAL001C,25.0
YAL002W,23.0
YAL003W,41.0
YAL004W,18.0
YAL005C,59.0
YAL007C,28.0
YAL008W,22.0
YAL009W,16.0
YAL010C,27.0
YAL011W,24.0
YAL012W,55.0
YAL013W,24.0
YAL014C,29.0
YAL015C,21.0
YAL016C-A,
YAL016C-B,3.0
YAL016W,24.0
YAL017W,23.0
YAL018C,31.0
YAL019W,19.0
YAL019W-A,
YAL020C,17.0
YAL021C,20.0
YAL022C,47.0
YAL023C,31.0
YAL024C,20.0
YAL025C,43.0
YAL026C,18.0
YAL026C-A,
YAL027W,18.0
YAL028W,41.0
YAL029C,26.0
YAL030W,26.0
YAL031C,20.0
YAL031W-A,
YAL032C,23.0
YAL033W,31.0
YAL034C,27.0
YAL034C-B,2.0
YAL034W-A,23.0
YAL035W,22.0
YAL036C,34.0
YAL037C-A,11.0
YAL037C-B,
YAL037W,31.0
YAL038W,52.0
YAL039C,43.0
YAL040C,64.0
YAL041W,23.0
YAL042C-A,5.0
YAL042W,25.0
YAL043C,31.0
YAL044C,50.0
YAL044W-A,7.0
YAL045C,28.0
YAL046C,23.0
YAL047C,15.0
YAL047W-A,
YAL048C,16.0
YAL049C,21.0
YAL051W,13.0
YAL053W,39.0
YAL054C,45.0
YAL055W,18.0
YAL056C-A,5.0
YAL056W,15.0
YAL058W,14.0
YAL059C-A,
YAL059W,33.0
YAL060W,47.0
YAL061W,48.0
YAL062W,60.0
YAL063C,47.0
YAL063C-A,5.0
YAL064C-A,34.0
YAL064W,30.0
YAL064W-B,18.0
YAL065C,28.0
YAL066W,11.0
YAL067C,42.0
YAL067W-A,3.0
YAL068C,36.0
YAL068W-A,
YAL069W,
YAR002C-A,14.0
YAR002W,19.0
YAR003W,21.0
YAR007C,26.0
YAR008W,21.0
YAR009C,39.0
YAR010C,28.0
YAR014C,14.0
YAR015W,55.0
YAR018C,44.0
YAR019C,19.0
YAR019W-A,
YAR020C,31.0
YAR023C,17.0
YAR027W,46.0
YAR028W,39.0
YAR029W,32.0
YAR030C,14.0
YAR031W,32.0
YAR033W,25.0
YAR035C-A,5.0
YAR035W,53.0
YAR042W,38.0
YAR047C,22.0
YAR050W,46.0
YAR053W,30.0
YAR060C,15.0
YAR061W,21.0
YAR064W,32.0
YAR066W,26.0
YAR068W,54.0
YAR069C,17.0
YAR070C,19.0
YAR071W,84.0
YAR073W,31.0
YAR075W,38.0
YBL001C,30.0
YBL002W,47.0
YBL003C,57.0
YBL004W,26.0
YBL005W,23.0
YBL005W-A,23.0
YBL005W-B,10.0
YBL006C,20.0
YBL006W-A,
YBL007C,19.0
YBL008W,17.0
YBL008W-A,2.0
YBL009W,22.0
YBL010C,15.0
YBL011W,34.0
YBL012C,8.0
YBL013W,21.0
YBL014C,20.0
YBL015W,60.0
YBL016W,39.0
YBL017C,17.0
YBL018C,33.0
YBL019W,18.0
YBL020W,19.0
YBL021C,20.0
YBL022C,20.0
YBL023C,24.0
YBL024W,34.0
YBL025W,15.0
YBL026W,54.0
YBL027W,46.0
YBL028C,60.0
YBL029C-A,37.0
YBL029W,61.0
YBL030C,58.0
YBL031W,23.0
YBL032W,51.0
YBL033C,28.0
YBL034C,20.0
YBL035C,14.0
YBL036C,17.0
YBL037W,19.0
YBL038W,22.0
YBL039C,36.0
YBL039C-A,
YBL039W-B,2.0
YBL040C,25.0
YBL041W,35.0
YBL042C,55.0
YBL043W,61.0
YBL044W,33.0
YBL045C,43.0
YBL046W,17.0
YBL047C,16.0
YBL048W,28.0
YBL049W,47.0
YBL050W,34.0
YBL051C,53.0
YBL052C,22.0
YBL053W,15.0
YBL054W,31.0
YBL055C,18.0
YBL056W,19.0
YBL057C,13.0
YBL058W,38.0
YBL059C-A,21.0
YBL059W,45.0
YBL060W,19.0
YBL061C,19.0
YBL062W,26.0
YBL063W,26.0
YBL064C,53.0
YBL065W,12.0
YBL066C,20.0
YBL067C,15.0
YBL068W,17.0
YBL068W-A,
YBL069W,20.0
YBL070C,20.0
YBL071C,13.0
YBL071C-B,8.0
YBL071W-A,14.0
YBL072C,30.0
YBL073W,19.0
YBL074C,27.0
YBL075C,33.0
YBL076C,22.0
YBL077W,29.0
YBL078C,43.0
YBL079W,28.0
YBL080C,20.0
YBL081W,21.0
YBL082C,30.0
YBL083C,27.0
YBL084C,12.0
YBL085W,21.0
YBL086C,25.0
YBL087C,39.0
YBL088C,17.0
YBL089W,14.0
YBL090W,31.0
YBL091C,19.0
YBL091C-A,25.0
YBL092W,47.0
YBL093C,34.0
YBL094C,12.0
YBL095W,19.0
YBL096C,12.0
YBL097W,22.0
YBL098W,43.0
YBL099W,35.0
YBL100C,16.0
YBL100W-A,2.0
YBL100W-B,4.0
YBL100W-C,2.0
YBL101C,19.0
YBL102W,15.0
YBL103C,21.0
YBL104C,16.0
YBL105C,20.0
YBL106C,25.0
YBL107C,38.0
YBL107W-A,34.0
YBL108C-A,16.0
YBL108W,23.0
YBL109W,41.0
YBL111C,40.0
YBL112C,31.0
YBL113C,36.0
YBL113W-A,
YBR001C,31.0
YBR002C,20.0
YBR003W,25.0
YBR004C,32.0
YBR005W,49.0
YBR006W,59.0
YBR007C,32.0
YBR008C,29.0
YBR009C,65.0
YBR010W,61.0
YBR011C,38.0
YBR012C,40.0
YBR012W-A,22.0
YBR012W-B,23.0
YBR013C,27.0
YBR014C,26.0
YBR015C,27.0
YBR016W,28.0
YBR017C,13.0
YBR018C,38.0
YBR019C,37.0
YBR020W,41.0
YBR021W,30.0
YBR022W,16.0
YBR023C,20.0
YBR024W,25.0
YBR025C,32.0
YBR026C,38.0
YBR027C,12.0
YBR028C,16.0
YBR029C,45.0
YBR030W,17.0
YBR031W,45.0
YBR032W,20.0
YBR033W,30.0
YBR034C,29.0
YBR035C,20.0
YBR036C,23.0
YBR037C,31.0
YBR038W,45.0
YBR039W,35.0
YBR040W,40.0
YBR041W,21.0
YBR042C,22.0
YBR043C,32.0
YBR044C,28.0
YBR045C,28.0
YBR046C,37.0
YBR047W,42.0
YBR048W,44.0
YBR049C,21.0
YBR050C,44.0
YBR051W,21.0
YBR052C,35.0
YBR053C,45.0
YBR054W,82.0
YBR055C,22.0
YBR056C-B,
YBR056W,51.0
YBR056W-A,21.0
YBR057C,31.0
YBR058C,20.0
YBR058C-A,2.0
YBR059C,19.0
YBR060C,28.0
YBR061C,19.0
YBR062C,26.0
YBR063C,20.0
YBR064W,12.0
YBR065C,33.0
YBR066C,58.0
YBR067C,98.0
YBR068C,51.0
YBR069C,50.0
YBR070C,39.0
YBR071W,53.0
YBR072C-A,5.0
YBR072W,80.0
YBR073W,19.0
YBR074W,26.0
YBR076C-A,
YBR076W,37.0
YBR077C,38.0
YBR078W,49.0
YBR079C,23.0
YBR080C,14.0
YBR081C,28.0
YBR082C,48.0
YBR083W,55.0
YBR084C-A,45.0
YBR084W,19.0
YBR085C-A,29.0
YBR085W,40.0
YBR086C,24.0
YBR087W,35.0
YBR088C,27.0
YBR089C-A,14.0
YBR089W,40.0
YBR090C,47.0
YBR091C,38.0
YBR092C,73.0
YBR093C,128.0
YBR094W,22.0
YBR095C,21.0
YBR096W,18.0
YBR097W,20.0
YBR098W,29.0
YBR099C,23.0
YBR101C,59.0
YBR102C,21.0
YBR103C-A,6.0
YBR103W,27.0
YBR104W,27.0
YBR105C,59.0
YBR106W,30.0
YBR107C,15.0
YBR108W,25.0
YBR109C,28.0
YBR109W-A,
YBR110W,22.0
YBR111C,21.0
YBR111W-A,
YBR112C,32.0
YBR113W,14.0
YBR114W,46.0
YBR115C,24.0
YBR116C,44.0
YBR117C,52.0
YBR118W,52.0
YBR119W,20.0
YBR120C,18.0
YBR121C,33.0
YBR121C-A,
YBR122C,16.0
YBR123C,12.0
YBR124W,10.0
YBR125C,16.0
YBR126C,55.0
YBR126W-A,7.0
YBR126W-B,
YBR127C,28.0
YBR128C,26.0
YBR129C,76.0
YBR130C,23.0
YBR131C-A,
YBR131W,22.0
YBR132C,43.0
YBR133C,26.0
YBR134W,24.0
YBR135W,56.0
YBR136W,22.0
YBR137W,35.0
YBR138C,26.0
YBR139W,39.0
YBR140C,23.0
YBR141C,21.0
YBR141W-A,
YBR142W,28.0
YBR143C,26.0
YBR144C,19.0
YBR145W,55.0
YBR146W,25.0
YBR147W,40.0
YBR148W,30.0
YBR149W,40.0
YBR150C,33.0
YBR151W,31.0
YBR152W,18.0
YBR153W,20.0
YBR154C,17.0
YBR155W,32.0
YBR156C,15.0
YBR157C,61.0
YBR158W,62.0
YBR159W,30.0
YBR160W,25.0
YBR161W,32.0
YBR162C,50.0
YBR162W-A,40.0
YBR163W,27.0
YBR164C,32.0
YBR165W,13.0
YBR166C,47.0
YBR167C,37.0
YBR168W,32.0
YBR169C,72.0
YBR170C,23.0
YBR171W,36.0
YBR172C,16.0
YBR173C,21.0
YBR174C,13.0
YBR175W,17.0
YBR176W,16.0
YBR177C,32.0
YBR178W,21.0
YBR179C,26.0
YBR180W,24.0
YBR181C,41.0
YBR182C,33.0
YBR182C-A,12.0
YBR183W,58.0
YBR184W,26.0
YBR185C,42.0
YBR186W,21.0
YBR187W,45.0
YBR188C,24.0
YBR189W,41.0
YBR190W,29.0
YBR191W,40.0
YBR191W-A,2.0
YBR192W,15.0
YBR193C,17.0
YBR194W,25.0
YBR195C,17.0
YBR196C,53.0
YBR196C-A,11.0
YBR196C-B,6.0
YBR197C,27.0
YBR198C,9.0
YBR199W,19.0
YBR200W,24.0
YBR200W-A,3.0
YBR201C-A,8.0
YBR201W,27.0
YBR202W,31.0
YBR203W,37.0
YBR204C,23.0
YBR205W,29.0
YBR206W,16.0
YBR207W,32.0
YBR208C,35.0
YBR209W,23.0
YBR210W,34.0
YBR211C,18.0
YBR212W,25.0
YBR213W,24.0
YBR214W,54.0
YBR215W,27.0
YBR216C,21.0
YBR217W,24.0
YBR218C,26.0
YBR219C,37.0
YBR220C,30.0
YBR221C,22.0
YBR221W-A,1.0
YBR222C,34.0
YBR223C,20.0
YBR223W-A,
YBR224W,11.0
YBR225W,19.0
YBR226C,12.0
YBR227C,17.0
YBR228W,16.0
YBR229C,21.0
YBR230C,57.0
YBR230W-A,12.0
YBR231C,23.0
YBR232C,17.0
YBR233W,19.0
YBR233W-A,5.0
YBR234C,17.0
YBR235W,19.0
YBR236C,15.0
YBR237W,17.0
YBR238C,38.0
YBR239C,26.0
YBR240C,33.0
YBR241C,40.0
YBR242W,20.0
YBR243C,33.0
YBR244W,99.0
YBR245C,19.0
YBR246W,16.0
YBR247C,40.0
YBR248C,31.0
YBR249C,36.0
YBR250W,33.0
YBR251W,28.0
YBR252W,32.0
YBR253W,28.0
YBR254C,23.0
YBR255C-A,12.0
YBR255W,26.0
YBR256C,39.0
YBR257W,22.0
YBR258C,22.0
YBR259W,14.0
YBR260C,17.0
YBR261C,13.0
YBR262C,40.0
YBR263W,14.0
YBR264C,46.0
YBR265W,68.0
YBR266C,20.0
YBR267W,26.0
YBR268W,31.0
YBR269C,20.0
YBR270C,16.0
YBR271W,24.0
YBR272C,17.0
YBR273C,24.0
YBR274W,13.0
YBR275C,27.0
YBR276C,16.0
YBR277C,16.0
YBR278W,21.0
YBR279W,21.0
YBR280C,33.0
YBR281C,17.0
YBR282W,34.0
YBR283C,46.0
YBR284W,29.0
YBR285W,41.0
YBR286W,40.0
YBR287W,43.0
YBR288C,33.0
YBR289W,24.0
YBR290W,28.0
YBR291C,35.0
YBR292C,13.0
YBR293W,33.0
YBR294W,54.0
YBR295W,27.0
YBR296C,83.0
YBR296C-A,7.0
YBR297W,38.0
YBR298C,33.0
YBR298C-A,6.0
YBR299W,41.0
YBR300C,8.0
YBR301W,25.0
YBR302C,35.0
YCL001W,16.0
YCL001W-A,18.0
YCL001W-B,4.0
YCL002C,23.0
YCL004W,38.0
YCL005W,21.0
YCL005W-A,7.0
YCL007C,27.0
YCL008C,26.0
YCL009C,41.0
YCL010C,20.0
YCL011C,19.0
YCL012C,7.0
YCL014W,20.0
YCL016C,20.0
YCL017C,27.0
YCL018W,57.0
YCL019W,12.0
YCL020W,25.0
YCL021W-A,17.0
YCL022C,
YCL023C,13.0
YCL024W,38.0
YCL025C,70.0
YCL026C-A,36.0
YCL026C-B,15.0
YCL027W,77.0
YCL028W,21.0
YCL029C,30.0
YCL030C,46.0
YCL031C,46.0
YCL032W,18.0
YCL033C,21.0
YCL034W,18.0
YCL035C,40.0
YCL036W,26.0
YCL037C,34.0
YCL038C,41.0
YCL039W,28.0
YCL040W,67.0
YCL041C,27.0
YCL042W,56.0
YCL043C,29.0
YCL044C,28.0
YCL045C,17.0
YCL046W,15.0
YCL047C,20.0
YCL048W,33.0
YCL048W-A,7.0
YCL049C,37.0
YCL050C,43.0
YCL051W,23.0
YCL052C,18.0
YCL054W,47.0
YCL054W-A,
YCL055W,41.0
YCL056C,28.0
YCL057C-A,11.0
YCL057W,27.0
YCL058C,34.0
YCL058W-A,4.0
YCL059C,35.0
YCL061C,24.0
YCL063W,34.0
YCL064C,58.0
YCL065W,50.0
YCL066W,47.0
YCL067C,37.0
YCL068C,18.0
YCL069W,28.0
YCL073C,18.0
YCL074W,26.0
YCL075W,19.0
YCL076W,10.0
YCR001W,14.0
YCR002C,20.0
YCR003W,32.0
YCR004C,27.0
YCR005C,70.0
YCR006C,30.0
YCR007C,36.0
YCR008W,22.0
YCR009C,37.0
YCR010C,60.0
YCR011C,32.0
YCR012W,66.0
YCR013C,53.0
YCR014C,25.0
YCR015C,19.0
YCR016W,26.0
YCR017C,23.0
YCR018C,38.0
YCR018C-A,63.0
YCR019W,45.0
YCR020C,25.0
YCR020C-A,21.0
YCR020W-B,20.0
YCR021C,75.0
YCR022C,15.0
YCR023C,25.0
YCR024C,26.0
YCR024C-A,54.0
YCR024C-B,12.0
YCR025C,23.0
YCR026C,16.0
YCR027C,23.0
YCR028C,30.0
YCR028C-A,30.0
YCR030C,20.0
YCR031C,44.0
YCR032W,28.0
YCR033W,22.0
YCR034W,43.0
YCR035C,24.0
YCR036W,19.0
YCR037C,25.0
YCR038C,17.0
YCR038W-A,5.0
YCR039C,37.0
YCR040W,51.0
YCR041W,32.0
YCR042C,20.0
YCR043C,26.0
YCR044C,18.0
YCR045C,28.0
YCR045W-A,
YCR046C,26.0
YCR047C,22.0
YCR047W-A,
YCR048W,43.0
YCR049C,31.0
YCR050C,46.0
YCR051W,19.0
YCR052W,15.0
YCR053W,34.0
YCR054C,18.0
YCR057C,36.0
YCR059C,33.0
YCR060W,26.0
YCR061W,41.0
YCR063W,32.0
YCR064C,21.0
YCR065W,40.0
YCR066W,21.0
YCR067C,16.0
YCR068W,35.0
YCR069W,36.0
YCR071C,34.0
YCR072C,28.0
YCR073C,36.0
YCR073W-A,41.0
YCR075C,28.0
YCR075W-A,2.0
YCR076C,23.0
YCR077C,31.0
YCR079W,22.0
YCR081C-A,
YCR081W,17.0
YCR082W,34.0
YCR083W,24.0
YCR084C,29.0
YCR085W,16.0
YCR086W,22.0
YCR087C-A,25.0
YCR087W,14.0
YCR088W,40.0
YCR089W,38.0
YCR090C,20.0
YCR091W,28.0
YCR092C,20.0
YCR093W,31.0
YCR094W,28.0
YCR095C,25.0
YCR095W-A,1.0
YCR096C,47.0
YCR097W,55.0
YCR097W-A,37.0
YCR098C,43.0
YCR099C,35.0
YCR100C,28.0
YCR101C,26.0
YCR102C,46.0
YCR102W-A,7.0
YCR104W,49.0
YCR105W,51.0
YCR106W,44.0
YCR107W,44.0
YCR108C,10.0
YDL001W,30.0
YDL002C,14.0
YDL003W,41.0
YDL004W,35.0
YDL005C,16.0
YDL006W,19.0
YDL007C-A,4.0
YDL007W,22.0
YDL008W,20.0
YDL009C,16.0
YDL010W,22.0
YDL011C,17.0
YDL012C,35.0
YDL013W,26.0
YDL014W,44.0
YDL015C,28.0
YDL016C,10.0
YDL017W,22.0
YDL018C,19.0
YDL019C,22.0
YDL020C,30.0
YDL021W,58.0
YDL022C-A,4.0
YDL022W,59.0
YDL023C,45.0
YDL024C,37.0
YDL025C,27.0
YDL025W-A,
YDL026W,15.0
YDL027C,28.0
YDL028C,15.0
YDL029W,38.0
YDL030W,18.0
YDL031W,21.0
YDL032W,19.0
YDL033C,18.0
YDL034W,9.0
YDL035C,19.0
YDL036C,17.0
YDL037C,67.0
YDL039C,54.0
YDL040C,38.0
YDL041W,14.0
YDL042C,13.0
YDL043C,17.0
YDL044C,27.0
YDL045C,16.0
YDL045W-A,37.0
YDL046W,26.0
YDL047W,36.0
YDL048C,74.0
YDL049C,52.0
YDL050C,15.0
YDL051W,17.0
YDL052C,27.0
YDL053C,20.0
YDL054C,25.0
YDL055C,46.0
YDL056W,22.0
YDL057W,25.0
YDL058W,25.0
YDL059C,29.0
YDL060W,35.0
YDL061C,54.0
YDL062W,17.0
YDL063C,35.0
YDL064W,27.0
YDL065C,19.0
YDL066W,27.0
YDL067C,38.0
YDL068W,11.0
YDL069C,12.0
YDL070W,46.0
YDL071C,21.0
YDL072C,41.0
YDL073W,17.0
YDL074C,22.0
YDL075W,68.0
YDL076C,26.0
YDL077C,19.0
YDL078C,27.0
YDL079C,28.0
YDL080C,12.0
YDL081C,52.0
YDL082W,36.0
YDL083C,44.0
YDL084W,26.0
YDL085C-A,11.0
YDL085W,42.0
YDL086C-A,
YDL086W,20.0
YDL087C,17.0
YDL088C,19.0
YDL089W,28.0
YDL090C,23.0
YDL091C,31.0
YDL092W,24.0
YDL093W,17.0
YDL094C,12.0
YDL095W,24.0
YDL096C,9.0
YDL097C,16.0
YDL098C,14.0
YDL099W,17.0
YDL100C,23.0
YDL101C,24.0
YDL102W,23.0
YDL103C,13.0
YDL104C,20.0
YDL105W,19.0
YDL106C,24.0
YDL107W,15.0
YDL108W,16.0
YDL109C,16.0
YDL110C,51.0
YDL111C,20.0
YDL112W,19.0
YDL113C,16.0
YDL114W,29.0
YDL114W-A,4.0
YDL115C,25.0
YDL116W,17.0
YDL117W,36.0
YDL118W,8.0
YDL119C,15.0
YDL120W,30.0
YDL121C,24.0
YDL122W,24.0
YDL123W,23.0
YDL124W,57.0
YDL125C,34.0
YDL126C,28.0
YDL127W,53.0
YDL128W,32.0
YDL129W,36.0
YDL130W,40.0
YDL130W-A,31.0
YDL131W,59.0
YDL132W,19.0
YDL133C-A,38.0
YDL133W,22.0
YDL134C,35.0
YDL135C,46.0
YDL136W,54.0
YDL137W,34.0
YDL138W,22.0
YDL139C,15.0
YDL140C,20.0
YDL141W,28.0
YDL142C,18.0
YDL143W,23.0
YDL144C,26.0
YDL145C,31.0
YDL146W,20.0
YDL147W,18.0
YDL148C,27.0
YDL149W,35.0
YDL150W,13.0
YDL151C,8.0
YDL152W,13.0
YDL153C,22.0
YDL154W,31.0
YDL155W,28.0
YDL156W,23.0
YDL157C,11.0
YDL158C,15.0
YDL159C-B,
YDL159W,23.0
YDL159W-A,11.0
YDL160C,29.0
YDL160C-A,3.0
YDL161W,20.0
YDL162C,11.0
YDL163W,9.0
YDL164C,19.0
YDL165W,21.0
YDL166C,13.0
YDL167C,34.0
YDL168W,30.0
YDL169C,31.0
YDL170W,48.0
YDL171C,36.0
YDL172C,12.0
YDL173W,27.0
YDL174C,37.0
YDL175C,19.0
YDL176W,20.0
YDL177C,18.0
YDL178W,27.0
YDL179W,25.0
YDL180W,25.0
YDL181W,42.0
YDL182W,53.0
YDL183C,30.0
YDL184C,50.0
YDL185C-A,5.0
YDL185W,20.0
YDL186W,23.0
YDL187C,18.0
YDL188C,18.0
YDL189W,15.0
YDL190C,22.0
YDL191W,53.0
YDL192W,28.0
YDL193W,26.0
YDL194W,20.0
YDL195W,17.0
YDL196W,16.0
YDL197C,15.0
YDL198C,47.0
YDL199C,32.0
YDL200C,15.0
YDL201W,45.0
YDL202W,17.0
YDL203C,16.0
YDL204W,37.0
YDL205C,30.0
YDL206W,23.0
YDL207W,18.0
YDL208W,29.0
YDL209C,15.0
YDL210W,37.0
YDL211C,33.0
YDL212W,16.0
YDL213C,19.0
YDL214C,40.0
YDL215C,41.0
YDL216C,16.0
YDL217C,15.0
YDL218W,36.0
YDL219W,23.0
YDL220C,24.0
YDL221W,14.0
YDL222C,46.0
YDL223C,43.0
YDL224C,26.0
YDL225W,23.0
YDL226C,25.0
YDL227C,61.0
YDL228C,15.0
YDL229W,50.0
YDL230W,27.0
YDL231C,23.0
YDL232W,24.0
YDL233W,18.0
YDL234C,40.0
YDL235C,22.0
YDL236W,12.0
YDL237W,23.0
YDL238C,24.0
YDL239C,26.0
YDL240C-A,6.0
YDL240W,23.0
YDL241W,59.0
YDL242W,22.0
YDL243C,24.0
YDL244W,36.0
YDL245C,46.0
YDL246C,47.0
YDL247W,32.0
YDL247W-A,4.0
YDL248W,30.0
YDR001C,36.0
YDR002W,27.0
YDR003W,22.0
YDR003W-A,6.0
YDR004W,19.0
YDR005C,21.0
YDR006C,20.0
YDR007W,22.0
YDR008C,23.0
YDR009W,36.0
YDR010C,28.0
YDR011W,62.0
YDR012W,52.0
YDR013W,21.0
YDR014W,14.0
YDR014W-A,5.0
YDR015C,8.0
YDR016C,26.0
YDR017C,16.0
YDR018C,31.0
YDR019C,58.0
YDR020C,12.0
YDR021W,14.0
YDR022C,26.0
YDR023W,27.0
YDR024W,16.0
YDR025W,26.0
YDR026C,12.0
YDR027C,20.0
YDR028C,18.0
YDR029W,19.0
YDR030C,32.0
YDR031W,36.0
YDR032C,41.0
YDR033W,51.0
YDR034C,29.0
YDR034C-A,35.0
YDR034C-C,16.0
YDR034C-D,33.0
YDR034W-B,54.0
YDR035W,30.0
YDR036C,21.0
YDR037W,31.0
YDR038C,26.0
YDR039C,30.0
YDR040C,53.0
YDR041W,49.0
YDR042C,64.0
YDR043C,62.0
YDR044W,51.0
YDR045C,19.0
YDR046C,47.0
YDR047W,28.0
YDR048C,16.0
YDR049W,22.0
YDR050C,41.0
YDR051C,15.0
YDR052C,13.0
YDR053W,9.0
YDR054C,24.0
YDR055W,56.0
YDR056C,38.0
YDR057W,16.0
YDR058C,29.0
YDR059C,26.0
YDR060W,25.0
YDR061W,23.0
YDR062W,16.0
YDR063W,33.0
YDR064W,50.0
YDR065W,26.0
YDR066C,18.0
YDR067C,22.0
YDR068W,25.0
YDR069C,18.0
YDR070C,49.0
YDR071C,28.0
YDR072C,53.0
YDR073W,37.0
YDR074W,56.0
YDR075W,24.0
YDR076W,30.0
YDR077W,86.0
YDR078C,22.0
YDR079C-A,6.0
YDR079W,23.0
YDR080W,20.0
YDR081C,15.0
YDR082W,12.0
YDR083W,22.0
YDR084C,36.0
YDR085C,43.0
YDR086C,43.0
YDR087C,29.0
YDR088C,22.0
YDR089W,32.0
YDR090C,27.0
YDR091C,34.0
YDR092W,19.0
YDR093W,17.0
YDR094W,19.0
YDR095C,17.0
YDR096W,43.0
YDR097C,19.0
YDR098C,33.0
YDR098C-A,27.0
YDR098C-B,19.0
YDR099W,47.0
YDR100W,29.0
YDR101C,27.0
YDR102C,15.0
YDR103W,18.0
YDR104C,23.0
YDR105C,27.0
YDR106W,15.0
YDR107C,32.0
YDR108W,14.0
YDR109C,17.0
YDR110W,15.0
YDR111C,31.0
YDR112W,16.0
YDR113C,22.0
YDR114C,9.0
YDR115W,28.0
YDR116C,26.0
YDR117C,11.0
YDR118W,20.0
YDR118W-A,
YDR119W,27.0
YDR119W-A,6.0
YDR120C,31.0
YDR121W,25.0
YDR122W,48.0
YDR123C,30.0
YDR124W,28.0
YDR125C,22.0
YDR126W,20.0
YDR127W,29.0
YDR128W,18.0
YDR129C,34.0
YDR130C,17.0
YDR131C,16.0
YDR132C,39.0
YDR133C,34.0
YDR134C,50.0
YDR135C,29.0
YDR136C,14.0
YDR137W,15.0
YDR138W,16.0
YDR139C,25.0
YDR140W,19.0
YDR141C,9.0
YDR142C,20.0
YDR143C,20.0
YDR144C,29.0
YDR145W,33.0
YDR146C,45.0
YDR147W,24.0
YDR148C,31.0
YDR149C,9.0
YDR150W,17.0
YDR151C,39.0
YDR152W,35.0
YDR153C,22.0
YDR154C,40.0
YDR155C,48.0
YDR156W,40.0
YDR157W,31.0
YDR158W,42.0
YDR159W,18.0
YDR160W,32.0
YDR161W,21.0
YDR162C,18.0
YDR163W,20.0
YDR164C,22.0
YDR165W,22.0
YDR166C,13.0
YDR167W,26.0
YDR168W,19.0
YDR169C,30.0
YDR169C-A,7.0
YDR170C,21.0
YDR170W-A,28.0
YDR171W,71.0
YDR172W,18.0
YDR173C,25.0
YDR174W,49.0
YDR175C,14.0
YDR176W,22.0
YDR177W,19.0
YDR178W,41.0
YDR179C,48.0
YDR179W-A,30.0
YDR180W,20.0
YDR181C,17.0
YDR182W,16.0
YDR182W-A,6.0
YDR183C-A,
YDR183W,24.0
YDR184C,33.0
YDR185C,25.0
YDR186C,39.0
YDR187C,35.0
YDR188W,37.0
YDR189W,20.0
YDR190C,23.0
YDR191W,25.0
YDR192C,32.0
YDR193W,17.0
YDR194C,28.0
YDR194W-A,2.0
YDR195W,20.0
YDR196C,20.0
YDR197W,20.0
YDR198C,12.0
YDR199W,10.0
YDR200C,19.0
YDR201W,17.0
YDR202C,17.0
YDR203W,7.0
YDR204W,23.0
YDR205W,22.0
YDR206W,18.0
YDR207C,65.0
YDR208W,26.0
YDR209C,51.0
YDR210C-C,26.0
YDR210C-D,40.0
YDR210W,45.0
YDR210W-A,20.0
YDR210W-B,12.0
YDR211W,28.0
YDR212W,22.0
YDR213W,40.0
YDR214W,44.0
YDR215C,12.0
YDR216W,56.0
YDR217C,19.0
YDR218C,23.0
YDR219C,19.0
YDR220C,16.0
YDR221W,24.0
YDR222W,69.0
YDR223W,31.0
YDR224C,55.0
YDR225W,55.0
YDR226W,36.0
YDR227W,23.0
YDR228C,18.0
YDR229W,18.0
YDR230W,12.0
YDR231C,26.0
YDR232W,36.0
YDR233C,30.0
YDR234W,39.0
YDR235W,17.0
YDR236C,15.0
YDR237W,23.0
YDR238C,21.0
YDR239C,32.0
YDR240C,15.0
YDR241W,18.0
YDR242W,32.0
YDR243C,19.0
YDR244W,29.0
YDR245W,24.0
YDR246W,26.0
YDR246W-A,13.0
YDR247W,31.0
YDR248C,23.0
YDR249C,24.0
YDR250C,14.0
YDR251W,22.0
YDR252W,17.0
YDR253C,35.0
YDR254W,27.0
YDR255C,23.0
YDR256C,37.0
YDR257C,23.0
YDR258C,39.0
YDR259C,50.0
YDR260C,23.0
YDR261C,38.0
YDR261C-C,12.0
YDR261C-D,16.0
YDR261W-A,23.0
YDR261W-B,20.0
YDR262W,28.0
YDR263C,26.0
YDR264C,29.0
YDR265W,23.0
YDR266C,25.0
YDR267C,16.0
YDR268W,20.0
YDR269C,9.0
YDR270W,27.0
YDR271C,15.0
YDR272W,26.0
YDR273W,30.0
YDR274C,30.0
YDR275W,35.0
YDR276C,47.0
YDR277C,52.0
YDR278C,29.0
YDR279W,44.0
YDR280W,28.0
YDR281C,104.0
YDR282C,30.0
YDR283C,17.0
YDR284C,33.0
YDR285W,27.0
YDR286C,25.0
YDR287W,16.0
YDR288W,16.0
YDR289C,20.0
YDR290W,15.0
YDR291W,11.0
YDR292C,19.0
YDR293C,22.0
YDR294C,34.0
YDR295C,18.0
YDR296W,25.0
YDR297W,51.0
YDR298C,52.0
YDR299W,34.0
YDR300C,20.0
YDR301W,31.0
YDR302W,17.0
YDR303C,28.0
YDR304C,15.0
YDR305C,31.0
YDR306C,21.0
YDR307W,18.0
YDR308C,18.0
YDR309C,73.0
YDR310C,26.0
YDR311W,22.0
YDR312W,24.0
YDR313C,31.0
YDR314C,28.0
YDR315C,28.0
YDR316W,22.0
YDR316W-A,25.0
YDR316W-B,19.0
YDR317W,34.0
YDR318W,16.0
YDR319C,25.0
YDR320C,23.0
YDR320C-A,6.0
YDR320W-B,
YDR321W,31.0
YDR322C-A,55.0
YDR322W,34.0
YDR323C,29.0
YDR324C,23.0
YDR325W,17.0
YDR326C,22.0
YDR327W,20.0
YDR328C,20.0
YDR329C,20.0
YDR330W,21.0
YDR331W,21.0
YDR332W,18.0
YDR333C,14.0
YDR334W,18.0
YDR335W,12.0
YDR336W,15.0
YDR337W,17.0
YDR338C,22.0
YDR339C,42.0
YDR340W,32.0
YDR341C,39.0
YDR342C,69.0
YDR343C,59.0
YDR344C,23.0
YDR345C,59.0
YDR346C,40.0
YDR347W,36.0
YDR348C,19.0
YDR349C,19.0
YDR350C,19.0
YDR351W,20.0
YDR352W,13.0
YDR353W,30.0
YDR354C-A,
YDR354W,39.0
YDR355C,12.0
YDR356W,21.0
YDR357C,29.0
YDR358W,33.0
YDR359C,13.0
YDR360W,17.0
YDR361C,18.0
YDR362C,16.0
YDR363W,13.0
YDR363W-A,34.0
YDR364C,14.0
YDR365C,30.0
YDR365W-A,19.0
YDR365W-B,33.0
YDR366C,36.0
YDR367W,17.0
YDR368W,25.0
YDR369C,22.0
YDR370C,43.0
YDR371C-A,
YDR371W,30.0
YDR372C,37.0
YDR373W,40.0
YDR374C,21.0
YDR374W-A,2.0
YDR375C,21.0
YDR376W,19.0
YDR377W,37.0
YDR378C,36.0
YDR379C-A,21.0
YDR379W,31.0
YDR380W,58.0
YDR381C-A,16.0
YDR381W,23.0
YDR382W,32.0
YDR383C,30.0
YDR384C,60.0
YDR385W,42.0
YDR386W,27.0
YDR387C,17.0
YDR388W,20.0
YDR389W,20.0
YDR390C,21.0
YDR391C,37.0
YDR392W,14.0
YDR393W,25.0
YDR394W,22.0
YDR395W,18.0
YDR396W,26.0
YDR397C,31.0
YDR398W,23.0
YDR399W,46.0
YDR400W,30.0
YDR401W,14.0
YDR402C,32.0
YDR403W,48.0
YDR404C,28.0
YDR405W,28.0
YDR406W,53.0
YDR406W-A,
YDR407C,12.0
YDR408C,22.0
YDR409W,21.0
YDR410C,28.0
YDR411C,25.0
YDR412W,33.0
YDR413C,12.0
YDR414C,17.0
YDR415C,14.0
YDR416W,20.0
YDR417C,30.0
YDR418W,35.0
YDR419W,18.0
YDR420W,24.0
YDR421W,25.0
YDR422C,17.0
YDR423C,26.0
YDR424C,22.0
YDR425W,24.0
YDR426C,13.0
YDR427W,21.0
YDR428C,16.0
YDR429C,27.0
YDR430C,15.0
YDR431W,12.0
YDR432W,39.0
YDR433W,19.0
YDR434W,25.0
YDR435C,21.0
YDR436W,19.0
YDR437W,19.0
YDR438W,25.0
YDR439W,15.0
YDR440W,14.0
YDR441C,45.0
YDR442W,33.0
YDR443C,18.0
YDR444W,22.0
YDR445C,13.0
YDR446W,28.0
YDR447C,42.0
YDR448W,29.0
YDR449C,31.0
YDR450W,42.0
YDR451C,53.0
YDR452W,36.0
YDR453C,51.0
YDR454C,35.0
YDR455C,21.0
YDR456W,18.0
YDR457W,30.0
YDR458C,24.0
YDR459C,17.0
YDR460W,24.0
YDR461C-A,4.0
YDR461W,79.0
YDR462W,26.0
YDR463W,20.0
YDR464C-A,
YDR464W,22.0
YDR465C,24.0
YDR466W,20.0
YDR467C,17.0
YDR468C,18.0
YDR469W,26.0
YDR470C,25.0
YDR471W,48.0
YDR472W,27.0
YDR473C,30.0
YDR475C,33.0
YDR476C,28.0
YDR477W,19.0
YDR478W,15.0
YDR479C,20.0
YDR480W,17.0
YDR481C,58.0
YDR482C,22.0
YDR483W,18.0
YDR484W,20.0
YDR485C,17.0
YDR486C,19.0
YDR487C,33.0
YDR488C,26.0
YDR489W,15.0
YDR490C,25.0
YDR491C,19.0
YDR492W,31.0
YDR493W,20.0
YDR494W,27.0
YDR495C,29.0
YDR496C,25.0
YDR497C,35.0
YDR498C,22.0
YDR499W,16.0
YDR500C,48.0
YDR501W,29.0
YDR502C,63.0
YDR503C,24.0
YDR504C,20.0
YDR505C,24.0
YDR506C,25.0
YDR507C,30.0
YDR508C,41.0
YDR509W,19.0
YDR510C-A,
YDR510W,47.0
YDR511W,24.0
YDR512C,19.0
YDR513W,37.0
YDR514C,23.0
YDR515W,19.0
YDR516C,43.0
YDR517W,27.0
YDR518W,31.0
YDR519W,24.0
YDR520C,21.0
YDR521W,11.0
YDR522C,32.0
YDR523C,34.0
YDR524C,25.0
YDR524C-A,
YDR524C-B,18.0
YDR524W-C,4.0
YDR525W,32.0
YDR525W-A,56.0
YDR526C,17.0
YDR527W,27.0
YDR528W,34.0
YDR529C,35.0
YDR530C,28.0
YDR531W,23.0
YDR532C,21.0
YDR533C,58.0
YDR534C,32.0
YDR535C,23.0
YDR536W,58.0
YDR537C,13.0
YDR538W,20.0
YDR539W,19.0
YDR540C,32.0
YDR541C,36.0
YDR542W,38.0
YDR543C,44.0
YDR544C,50.0
YDR545C-A,
YDR545W,47.0
YEL001C,26.0
YEL002C,17.0
YEL003W,22.0
YEL004W,20.0
YEL005C,26.0
YEL006W,22.0
YEL007W,45.0
YEL008C-A,
YEL008W,28.0
YEL009C,40.0
YEL009C-A,1.0
YEL010W,19.0
YEL011W,52.0
YEL012W,41.0
YEL013W,16.0
YEL014C,10.0
YEL015W,27.0
YEL016C,25.0
YEL017C-A,52.0
YEL017W,41.0
YEL018C-A,
YEL018W,15.0
YEL019C,21.0
YEL020C,19.0
YEL020C-B,
YEL020W-A,22.0
YEL021W,69.0
YEL022W,19.0
YEL023C,29.0
YEL024W,46.0
YEL025C,24.0
YEL026W,34.0
YEL027W,29.0
YEL028W,13.0
YEL029C,21.0
YEL030C-A,
YEL030W,21.0
YEL031W,20.0
YEL032C-A,
YEL032W,28.0
YEL033W,21.0
YEL034C-A,
YEL034W,44.0
YEL035C,28.0
YEL036C,40.0
YEL037C,57.0
YEL038W,34.0
YEL039C,50.0
YEL040W,65.0
YEL041W,43.0
YEL042W,27.0
YEL043W,22.0
YEL044W,50.0
YEL045C,36.0
YEL046C,64.0
YEL047C,31.0
YEL048C,22.0
YEL049W,25.0
YEL050C,34.0
YEL050W-A,
YEL051W,37.0
YEL052W,24.0
YEL053C,21.0
YEL053W-A,
YEL054C,37.0
YEL055C,25.0
YEL056W,24.0
YEL057C,38.0
YEL058W,35.0
YEL059C-A,28.0
YEL059W,22.0
YEL060C,73.0
YEL061C,24.0
YEL062W,28.0
YEL063C,25.0
YEL064C,22.0
YEL065W,66.0
YEL066W,24.0
YEL067C,17.0
YEL068C,15.0
YEL069C,44.0
YEL070W,47.0
YEL071W,56.0
YEL072W,31.0
YEL073C,42.0
YEL074W,25.0
YEL075C,27.0
YEL075W-A,5.0
YEL076C,25.0
YEL076C-A,16.0
YEL077C,18.0
YEL077W-A,
YER001W,70.0
YER002W,39.0
YER003C,32.0
YER004W,20.0
YER005W,21.0
YER006C-A,
YER006W,30.0
YER007C-A,31.0
YER007W,16.0
YER008C,18.0
YER009W,27.0
YER010C,28.0
YER011W,54.0
YER012W,32.0
YER013W,36.0
YER014C-A,5.0
YER014W,20.0
YER015W,23.0
YER016W,23.0
YER017C,23.0
YER018C,28.0
YER019C-A,41.0
YER019W,27.0
YER020W,29.0
YER021W,18.0
YER022W,18.0
YER023C-A,
YER023W,29.0
YER024W,33.0
YER025W,43.0
YER026C,50.0
YER027C,20.0
YER028C,51.0
YER029C,90.0
YER030W,25.0
YER031C,27.0
YER032W,27.0
YER033C,32.0
YER034W,27.0
YER035W,62.0
YER036C,35.0
YER037W,48.0
YER038C,40.0
YER038W-A,4.0
YER039C,30.0
YER039C-A,23.0
YER040W,23.0
YER041W,22.0
YER042W,36.0
YER043C,42.0
YER044C,68.0
YER044C-A,25.0
YER045C,50.0
YER046W,42.0
YER046W-A,
YER047C,25.0
YER048C,36.0
YER048W-A,31.0
YER049W,38.0
YER050C,34.0
YER051W,18.0
YER052C,45.0
YER053C,58.0
YER053C-A,29.0
YER054C,40.0
YER055C,40.0
YER056C,58.0
YER056C-A,37.0
YER057C,40.0
YER058W,36.0
YER059W,16.0
YER060W,41.0
YER060W-A,35.0
YER061C,26.0
YER062C,72.0
YER063W,37.0
YER064C,66.0
YER065C,45.0
YER066C-A,11.0
YER066W,22.0
YER067C-A,
YER067W,48.0
YER068C-A,
YER068W,24.0
YER069W,35.0
YER070W,55.0
YER071C,14.0
YER072W,54.0
YER073W,81.0
YER074W,29.0
YER074W-A,11.0
YER075C,31.0
YER076C,18.0
YER076W-A,
YER077C,21.0
YER078C,28.0
YER078W-A,5.0
YER079C-A,
YER079W,53.0
YER080W,15.0
YER081W,41.0
YER082C,15.0
YER083C,27.0
YER084W,13.0
YER084W-A,
YER085C,19.0
YER086W,32.0
YER087C-A,
YER087C-B,23.0
YER087W,19.0
YER088C,33.0
YER088C-A,
YER088W-B,
YER089C,25.0
YER090C-A,
YER090W,29.0
YER091C,60.0
YER091C-A,16.0
YER092W,31.0
YER093C,16.0
YER093C-A,17.0
YER094C,31.0
YER095W,36.0
YER096W,40.0
YER097W,15.0
YER098W,15.0
YER099C,23.0
YER100W,43.0
YER101C,28.0
YER102W,31.0
YER103W,58.0
YER104W,16.0
YER105C,17.0
YER106W,24.0
YER107C,19.0
YER107W-A,
YER109C,23.0
YER110C,25.0
YER111C,30.0
YER112W,29.0
YER113C,16.0
YER114C,14.0
YER115C,19.0
YER116C,27.0
YER117W,40.0
YER118C,25.0
YER119C,37.0
YER119C-A,18.0
YER120W,25.0
YER121W,24.0
YER122C,14.0
YER123W,31.0
YER124C,52.0
YER125W,29.0
YER126C,29.0
YER127W,25.0
YER128W,23.0
YER129W,16.0
YER130C,34.0
YER131W,67.0
YER132C,23.0
YER133W,35.0
YER133W-A,
YER134C,20.0
YER135C,19.0
YER136W,28.0
YER137C,33.0
YER137C-A,21.0
YER137W-A,
YER138C,36.0
YER138W-A,53.0
YER139C,21.0
YER140W,16.0
YER141W,29.0
YER142C,29.0
YER143W,21.0
YER144C,33.0
YER145C,62.0
YER145C-A,7.0
YER146W,53.0
YER147C,18.0
YER147C-A,
YER148W,23.0
YER148W-A,
YER149C,28.0
YER150W,83.0
YER151C,20.0
YER152C,49.0
YER152W-A,
YER153C,30.0
YER154W,66.0
YER155C,33.0
YER156C,34.0
YER157W,22.0
YER158C,54.0
YER158W-A,
YER159C,34.0
YER159C-A,21.0
YER160C,17.0
YER161C,16.0
YER162C,25.0
YER163C,23.0
YER164W,22.0
YER165C-A,
YER165W,22.0
YER166W,17.0
YER167W,17.0
YER168C,24.0
YER169W,24.0
YER170W,28.0
YER171W,18.0
YER172C,21.0
YER172C-A,
YER173W,16.0
YER174C,22.0
YER175C,43.0
YER175W-A,6.0
YER176W,22.0
YER177W,38.0
YER178W,38.0
YER179W,29.0
YER180C,23.0
YER180C-A,5.0
YER181C,14.0
YER182W,21.0
YER183C,17.0
YER184C,34.0
YER185W,34.0
YER186C,25.0
YER187W,22.0
YER188C-A,17.0
YER188W,30.0
YER189W,40.0
YER190C-A,
YER190C-B,3.0
YER190W,45.0
YFL001W,14.0
YFL002C,15.0
YFL002W-A,13.0
YFL002W-B,30.0
YFL003C,27.0
YFL004W,32.0
YFL005W,19.0
YFL007W,27.0
YFL008W,23.0
YFL009W,15.0
YFL010C,32.0
YFL010W-A,30.0
YFL011W,41.0
YFL012W,31.0
YFL012W-A,4.0
YFL013C,25.0
YFL013W-A,
YFL014W,94.0
YFL015C,17.0
YFL015W-A,
YFL016C,59.0
YFL017C,23.0
YFL017W-A,33.0
YFL018C,32.0
YFL019C,11.0
YFL020C,34.0
YFL021C-A,
YFL021W,52.0
YFL022C,49.0
YFL023W,49.0
YFL024C,29.0
YFL025C,21.0
YFL026W,73.0
YFL027C,28.0
YFL028C,22.0
YFL029C,24.0
YFL030W,52.0
YFL031C-A,
YFL031W,36.0
YFL032W,26.0
YFL033C,25.0
YFL034C-A,59.0
YFL034C-B,22.0
YFL034W,26.0
YFL036W,29.0
YFL037W,46.0
YFL038C,21.0
YFL039C,37.0
YFL040W,31.0
YFL041W,18.0
YFL041W-A,6.0
YFL042C,29.0
YFL044C,23.0
YFL045C,31.0
YFL046W,17.0
YFL047W,22.0
YFL048C,35.0
YFL049W,17.0
YFL050C,23.0
YFL051C,34.0
YFL052W,29.0
YFL053W,24.0
YFL054C,31.0
YFL055W,36.0
YFL056C,31.0
YFL058W,32.0
YFL059W,40.0
YFL060C,28.0
YFL061W,23.0
YFL062W,39.0
YFL063W,35.0
YFL064C,37.0
YFL065C,21.0
YFL066C,17.0
YFL067W,34.0
YFL068W,51.0
YFR001W,44.0
YFR002W,20.0
YFR003C,40.0
YFR004W,33.0
YFR005C,38.0
YFR006W,78.0
YFR007W,31.0
YFR008W,25.0
YFR009W,26.0
YFR009W-A,
YFR010W,20.0
YFR010W-A,
YFR011C,41.0
YFR012W,23.0
YFR012W-A,6.0
YFR013W,15.0
YFR014C,24.0
YFR015C,65.0
YFR016C,30.0
YFR017C,80.0
YFR018C,45.0
YFR019W,28.0
YFR020W,21.0
YFR021W,25.0
YFR022W,38.0
YFR023W,40.0
YFR024C-A,26.0
YFR025C,28.0
YFR026C,34.0
YFR027W,17.0
YFR028C,32.0
YFR029W,33.0
YFR030W,40.0
YFR031C,26.0
YFR031C-A,41.0
YFR032C,40.0
YFR032C-A,61.0
YFR032C-B,11.0
YFR033C,59.0
YFR034C,31.0
YFR034W-A,
YFR035C,36.0
YFR036W,29.0
YFR036W-A,
YFR037C,20.0
YFR038W,21.0
YFR039C,24.0
YFR040W,25.0
YFR041C,40.0
YFR042W,21.0
YFR043C,21.0
YFR044C,40.0
YFR045W,19.0
YFR046C,21.0
YFR047C,25.0
YFR048W,16.0
YFR049W,19.0
YFR050C,15.0
YFR051C,30.0
YFR052C-A,
YFR052W,24.0
YFR053C,64.0
YFR054C,20.0
YFR055W,45.0
YFR056C,23.0
YFR057W,26.0
YGL001C,60.0
YGL002W,19.0
YGL003C,23.0
YGL004C,27.0
YGL005C,17.0
YGL006W,28.0
YGL006W-A,23.0
YGL007C-A,30.0
YGL007W,27.0
YGL008C,55.0
YGL009C,79.0
YGL010W,24.0
YGL011C,19.0
YGL012W,52.0
YGL013C,30.0
YGL014C-A,
YGL014W,18.0
YGL015C,21.0
YGL016W,24.0
YGL017W,16.0
YGL018C,16.0
YGL019W,13.0
YGL020C,15.0
YGL021W,35.0
YGL022W,23.0
YGL023C,15.0
YGL024W,12.0
YGL025C,16.0
YGL026C,22.0
YGL027C,20.0
YGL028C,61.0
YGL029W,45.0
YGL030W,41.0
YGL031C,58.0
YGL032C,97.0
YGL033W,16.0
YGL034C,14.0
YGL035C,32.0
YGL036W,29.0
YGL037C,46.0
YGL038C,49.0
YGL039W,43.0
YGL040C,25.0
YGL041C,11.0
YGL041C-B,1.0
YGL041W-A,
YGL042C,11.0
YGL043W,24.0
YGL044C,14.0
YGL045W,37.0
YGL047W,29.0
YGL048C,18.0
YGL049C,16.0
YGL050W,21.0
YGL051W,19.0
YGL052W,23.0
YGL053W,47.0
YGL054C,26.0
YGL055W,64.0
YGL056C,49.0
YGL057C,17.0
YGL058W,17.0
YGL059W,23.0
YGL060W,14.0
YGL061C,20.0
YGL062W,64.0
YGL063C-A,
YGL063W,23.0
YGL064C,21.0
YGL065C,15.0
YGL066W,21.0
YGL067W,16.0
YGL068W,24.0
YGL069C,8.0
YGL070C,32.0
YGL071W,46.0
YGL072C,31.0
YGL073W,19.0
YGL074C,18.0
YGL075C,25.0
YGL076C,36.0
YGL077C,32.0
YGL078C,33.0
YGL079W,19.0
YGL080W,22.0
YGL081W,24.0
YGL082W,14.0
YGL083W,20.0
YGL084C,21.0
YGL085W,19.0
YGL086W,25.0
YGL087C,32.0
YGL088W,27.0
YGL089C,46.0
YGL090W,16.0
YGL091C,16.0
YGL092W,15.0
YGL093W,20.0
YGL094C,24.0
YGL095C,25.0
YGL096W,57.0
YGL097W,26.0
YGL098W,34.0
YGL099W,19.0
YGL100W,21.0
YGL101W,42.0
YGL102C,41.0
YGL103W,48.0
YGL104C,43.0
YGL105W,34.0
YGL106W,28.0
YGL107C,18.0
YGL108C,15.0
YGL109W,13.0
YGL110C,19.0
YGL111W,35.0
YGL112C,37.0
YGL113W,17.0
YGL114W,29.0
YGL115W,22.0
YGL116W,39.0
YGL117W,45.0
YGL118C,15.0
YGL119W,20.0
YGL120C,28.0
YGL121C,56.0
YGL122C,15.0
YGL123C-A,
YGL123W,41.0
YGL124C,23.0
YGL125W,38.0
YGL126W,35.0
YGL127C,28.0
YGL128C,24.0
YGL129C,17.0
YGL130W,19.0
YGL131C,15.0
YGL132W,12.0
YGL133W,28.0
YGL134W,32.0
YGL135W,42.0
YGL136C,30.0
YGL137W,23.0
YGL138C,21.0
YGL139W,18.0
YGL140C,13.0
YGL141W,20.0
YGL142C,16.0
YGL143C,28.0
YGL144C,21.0
YGL145W,28.0
YGL146C,33.0
YGL147C,35.0
YGL148W,36.0
YGL149W,13.0
YGL150C,19.0
YGL151W,15.0
YGL152C,14.0
YGL153W,26.0
YGL154C,21.0
YGL155W,8.0
YGL156W,48.0
YGL157W,56.0
YGL158W,48.0
YGL159W,21.0
YGL160W,25.0
YGL161C,21.0
YGL162W,47.0
YGL163C,30.0
YGL164C,14.0
YGL165C,14.0
YGL166W,35.0
YGL167C,26.0
YGL168W,24.0
YGL169W,20.0
YGL170C,19.0
YGL171W,33.0
YGL172W,15.0
YGL173C,22.0
YGL174W,13.0
YGL175C,18.0
YGL176C,15.0
YGL177W,19.0
YGL178W,27.0
YGL179C,33.0
YGL180W,45.0
YGL181W,25.0
YGL182C,19.0
YGL183C,23.0
YGL184C,45.0
YGL185C,20.0
YGL186C,23.0
YGL187C,45.0
YGL188C,40.0
YGL188C-A,9.0
YGL189C,46.0
YGL190C,24.0
YGL191W,43.0
YGL192W,29.0
YGL193C,31.0
YGL194C,35.0
YGL194C-A,1.0
YGL195W,21.0
YGL196W,25.0
YGL197W,20.0
YGL198W,24.0
YGL199C,28.0
YGL200C,22.0
YGL201C,16.0
YGL202W,32.0
YGL203C,20.0
YGL204C,18.0
YGL205W,43.0
YGL206C,24.0
YGL207W,20.0
YGL208W,31.0
YGL209W,38.0
YGL210W,17.0
YGL211W,19.0
YGL212W,21.0
YGL213C,16.0
YGL214W,16.0
YGL215W,22.0
YGL216W,15.0
YGL217C,19.0
YGL218W,17.0
YGL219C,15.0
YGL220W,19.0
YGL221C,15.0
YGL222C,31.0
YGL223C,22.0
YGL224C,32.0
YGL225W,57.0
YGL226C-A,27.0
YGL226W,29.0
YGL227W,25.0
YGL228W,25.0
YGL229C,37.0
YGL230C,32.0
YGL231C,31.0
YGL232W,26.0
YGL233W,17.0
YGL234W,41.0
YGL235W,15.0
YGL236C,26.0
YGL237C,28.0
YGL238W,20.0
YGL239C,11.0
YGL240W,26.0
YGL241W,18.0
YGL242C,26.0
YGL243W,17.0
YGL244W,26.0
YGL245W,31.0
YGL246C,12.0
YGL247W,18.0
YGL248W,28.0
YGL249W,20.0
YGL250W,34.0
YGL251C,19.0
YGL252C,17.0
YGL253W,54.0
YGL254W,25.0
YGL255W,86.0
YGL256W,44.0
YGL257C,18.0
YGL258W,33.0
YGL258W-A,16.0
YGL259W,36.0
YGL260W,13.0
YGL261C,34.0
YGL262W,21.0
YGL263W,41.0
YGR001C,22.0
YGR002C,18.0
YGR003W,20.0
YGR004W,23.0
YGR005C,32.0
YGR006W,19.0
YGR007W,18.0
YGR008C,56.0
YGR009C,27.0
YGR010W,23.0
YGR011W,24.0
YGR012W,53.0
YGR013W,21.0
YGR014W,60.0
YGR015C,21.0
YGR016W,20.0
YGR017W,12.0
YGR018C,18.0
YGR019W,52.0
YGR020C,36.0
YGR021W,27.0
YGR022C,14.0
YGR023W,26.0
YGR024C,42.0
YGR025W,18.0
YGR026W,32.0
YGR027C,40.0
YGR027W-A,20.0
YGR027W-B,14.0
YGR028W,30.0
YGR029W,20.0
YGR030C,35.0
YGR031C-A,11.0
YGR031W,20.0
YGR032W,50.0
YGR033C,52.0
YGR034W,43.0
YGR035C,46.0
YGR035W-A,8.0
YGR036C,25.0
YGR037C,48.0
YGR038C-A,24.0
YGR038C-B,21.0
YGR038W,30.0
YGR039W,20.0
YGR040W,28.0
YGR041W,46.0
YGR042W,16.0
YGR043C,59.0
YGR044C,45.0
YGR045C,37.0
YGR046W,25.0
YGR047C,23.0
YGR048W,20.0
YGR049W,40.0
YGR050C,41.0
YGR051C,23.0
YGR052W,61.0
YGR053C,25.0
YGR054W,22.0
YGR055W,51.0
YGR056W,23.0
YGR057C,16.0
YGR058W,16.0
YGR059W,31.0
YGR060W,53.0
YGR061C,29.0
YGR062C,21.0
YGR063C,31.0
YGR064W,41.0
YGR065C,41.0
YGR066C,45.0
YGR067C,47.0
YGR068C,17.0
YGR068W-A,
YGR069W,16.0
YGR070W,29.0
YGR071C,26.0
YGR072W,28.0
YGR073C,17.0
YGR074W,18.0
YGR075C,22.0
YGR076C,20.0
YGR077C,17.0
YGR078C,33.0
YGR079W,63.0
YGR080W,24.0
YGR081C,18.0
YGR082W,22.0
YGR083C,19.0
YGR084C,24.0
YGR085C,43.0
YGR086C,50.0
YGR087C,56.0
YGR088W,75.0
YGR089W,27.0
YGR090W,31.0
YGR091W,22.0
YGR092W,37.0
YGR093W,22.0
YGR094W,22.0
YGR095C,27.0
YGR096W,24.0
YGR097W,40.0
YGR098C,21.0
YGR099W,25.0
YGR100W,12.0
YGR101W,22.0
YGR102C,20.0
YGR103W,35.0
YGR104C,20.0
YGR105W,25.0
YGR106C,31.0
YGR107W,20.0
YGR108W,56.0
YGR109C,44.0
YGR109W-A,42.0
YGR109W-B,24.0
YGR110W,39.0
YGR111W,23.0
YGR112W,35.0
YGR113W,25.0
YGR114C,15.0
YGR115C,21.0
YGR116W,21.0
YGR117C,42.0
YGR118W,49.0
YGR119C,23.0
YGR120C,28.0
YGR121C,53.0
YGR121W-A,12.0
YGR122C-A,37.0
YGR122W,39.0
YGR123C,31.0
YGR124W,41.0
YGR125W,25.0
YGR126W,26.0
YGR127W,28.0
YGR128C,24.0
YGR129W,16.0
YGR130C,32.0
YGR131W,35.0
YGR132C,29.0
YGR133W,24.0
YGR134W,34.0
YGR135W,33.0
YGR136W,40.0
YGR137W,65.0
YGR138C,72.0
YGR139W,58.0
YGR140W,40.0
YGR141W,26.0
YGR142W,59.0
YGR143W,33.0
YGR144W,42.0
YGR145W,41.0
YGR146C,72.0
YGR146C-A,16.0
YGR147C,24.0
YGR148C,67.0
YGR149W,43.0
YGR150C,25.0
YGR151C,49.0
YGR152C,26.0
YGR153W,26.0
YGR154C,29.0
YGR155W,49.0
YGR156W,24.0
YGR157W,42.0
YGR158C,18.0
YGR159C,36.0
YGR160W,29.0
YGR161C,83.0
YGR161C-C,22.0
YGR161C-D,27.0
YGR161W-A,22.0
YGR161W-B,28.0
YGR161W-C,16.0
YGR162W,25.0
YGR163W,18.0
YGR164W,25.0
YGR165W,26.0
YGR166W,19.0
YGR167W,27.0
YGR168C,29.0
YGR169C,12.0
YGR169C-A,7.0
YGR170W,26.0
YGR171C,15.0
YGR172C,27.0
YGR173W,32.0
YGR174C,20.0
YGR174W-A,9.0
YGR175C,34.0
YGR176W,43.0
YGR177C,46.0
YGR178C,18.0
YGR179C,17.0
YGR180C,66.0
YGR181W,41.0
YGR182C,27.0
YGR183C,51.0
YGR184C,20.0
YGR185C,33.0
YGR186W,21.0
YGR187C,28.0
YGR188C,28.0
YGR189C,55.0
YGR190C,16.0
YGR191W,29.0
YGR192C,63.0
YGR193C,20.0
YGR194C,31.0
YGR195W,32.0
YGR196C,22.0
YGR197C,26.0
YGR198W,21.0
YGR199W,22.0
YGR200C,15.0
YGR201C,30.0
YGR202C,27.0
YGR203W,39.0
YGR204C-A,6.0
YGR204W,46.0
YGR205W,24.0
YGR206W,20.0
YGR207C,22.0
YGR208W,23.0
YGR209C,41.0
YGR210C,27.0
YGR211W,73.0
YGR212W,22.0
YGR213C,48.0
YGR214W,37.0
YGR215W,33.0
YGR216C,21.0
YGR217W,22.0
YGR218W,29.0
YGR219W,26.0
YGR220C,32.0
YGR221C,41.0
YGR222W,28.0
YGR223C,23.0
YGR224W,25.0
YGR225W,21.0
YGR226C,21.0
YGR227W,22.0
YGR228W,12.0
YGR229C,27.0
YGR230W,31.0
YGR231C,25.0
YGR232W,20.0
YGR233C,35.0
YGR234W,82.0
YGR235C,32.0
YGR236C,29.0
YGR237C,24.0
YGR238C,29.0
YGR239C,27.0
YGR240C,27.0
YGR240C-A,9.0
YGR241C,26.0
YGR242W,14.0
YGR243W,51.0
YGR244C,38.0
YGR245C,22.0
YGR246C,16.0
YGR247W,21.0
YGR248W,81.0
YGR249W,66.0
YGR250C,70.0
YGR251W,32.0
YGR252W,12.0
YGR253C,44.0
YGR254W,68.0
YGR255C,31.0
YGR256W,64.0
YGR257C,21.0
YGR258C,42.0
YGR259C,31.0
YGR260W,46.0
YGR261C,30.0
YGR262C,18.0
YGR263C,16.0
YGR264C,28.0
YGR265W,15.0
YGR266W,16.0
YGR267C,32.0
YGR268C,39.0
YGR269W,15.0
YGR270C-A,
YGR270W,21.0
YGR271C-A,16.0
YGR271W,31.0
YGR273C,20.0
YGR274C,27.0
YGR275W,29.0
YGR276C,16.0
YGR277C,23.0
YGR278W,28.0
YGR279C,60.0
YGR280C,61.0
YGR281W,34.0
YGR282C,55.0
YGR283C,33.0
YGR284C,33.0
YGR285C,47.0
YGR286C,42.0
YGR287C,35.0
YGR288W,28.0
YGR289C,30.0
YGR290W,10.0
YGR291C,11.0
YGR292W,40.0
YGR293C,12.0
YGR294W,36.0
YGR295C,42.0
YGR296C-A,
YGR296C-B,
YGR296W,55.0
YHL001W,54.0
YHL002C-A,
YHL002W,20.0
YHL003C,29.0
YHL004W,43.0
YHL005C,17.0
YHL006C,22.0
YHL006W-A,
YHL007C,27.0
YHL008C,27.0
YHL009C,22.0
YHL009W-A,17.0
YHL009W-B,10.0
YHL010C,25.0
YHL011C,23.0
YHL012W,39.0
YHL013C,30.0
YHL014C,32.0
YHL015W,47.0
YHL015W-A,9.0
YHL016C,48.0
YHL017W,24.0
YHL018W,24.0
YHL019C,18.0
YHL019W-A,
YHL020C,20.0
YHL021C,77.0
YHL022C,33.0
YHL023C,23.0
YHL024W,41.0
YHL025W,26.0
YHL026C,33.0
YHL027W,31.0
YHL028W,74.0
YHL029C,44.0
YHL030W,34.0
YHL030W-A,
YHL031C,37.0
YHL032C,37.0
YHL033C,37.0
YHL034C,43.0
YHL034W-A,
YHL035C,30.0
YHL036W,44.0
YHL037C,21.0
YHL038C,22.0
YHL039W,27.0
YHL040C,50.0
YHL041W,26.0
YHL042W,24.0
YHL043W,18.0
YHL044W,38.0
YHL045W,19.0
YHL046C,31.0
YHL046W-A,
YHL047C,44.0
YHL048C-A,9.0
YHL048W,54.0
YHL049C,35.0
YHL050C,32.0
YHL050W-A,
YHR001W,35.0
YHR001W-A,52.0
YHR002W,19.0
YHR003C,23.0
YHR004C,35.0
YHR005C,35.0
YHR005C-A,51.0
YHR006W,29.0
YHR007C,64.0
YHR007C-A,14.0
YHR008C,36.0
YHR009C,24.0
YHR010W,61.0
YHR011W,21.0
YHR012W,17.0
YHR013C,31.0
YHR014W,24.0
YHR015W,28.0
YHR016C,25.0
YHR017W,22.0
YHR018C,85.0
YHR019C,37.0
YHR020W,30.0
YHR021C,53.0
YHR021W-A,20.0
YHR022C,39.0
YHR022C-A,8.0
YHR023W,30.0
YHR024C,18.0
YHR025W,50.0
YHR026W,28.0
YHR027C,18.0
YHR028C,21.0
YHR028W-A,
YHR029C,36.0
YHR030C,39.0
YHR031C,21.0
YHR032C-A,
YHR032W,37.0
YHR032W-A,
YHR033W,55.0
YHR034C,18.0
YHR035W,21.0
YHR036W,21.0
YHR037W,40.0
YHR038W,23.0
YHR039C,21.0
YHR039C-A,19.0
YHR040W,27.0
YHR041C,20.0
YHR042W,35.0
YHR043C,29.0
YHR044C,30.0
YHR045W,18.0
YHR046C,35.0
YHR047C,32.0
YHR048W,37.0
YHR049C-A,11.0
YHR049W,49.0
YHR050W,31.0
YHR050W-A,6.0
YHR051W,46.0
YHR052W,30.0
YHR052W-A,
YHR053C,64.0
YHR054C,26.0
YHR054W-A,
YHR055C,54.0
YHR056C,16.0
YHR056W-A,
YHR057C,23.0
YHR058C,21.0
YHR059W,16.0
YHR060W,29.0
YHR061C,32.0
YHR062C,21.0
YHR063C,33.0
YHR063W-A,
YHR064C,33.0
YHR065C,28.0
YHR066W,32.0
YHR067W,21.0
YHR068W,28.0
YHR069C,14.0
YHR069C-A,
YHR070C-A,
YHR070W,29.0
YHR071C-A,
YHR071W,61.0
YHR072W,25.0
YHR072W-A,47.0
YHR073C-B,
YHR073W,19.0
YHR073W-A,
YHR074W,16.0
YHR075C,25.0
YHR076W,27.0
YHR077C,23.0
YHR078W,32.0
YHR079C,17.0
YHR079C-A,27.0
YHR080C,27.0
YHR081W,42.0
YHR082C,24.0
YHR083W,30.0
YHR084W,34.0
YHR085W,26.0
YHR086W,22.0
YHR086W-A,4.0
YHR087W,66.0
YHR088W,24.0
YHR089C,32.0
YHR090C,19.0
YHR091C,60.0
YHR092C,53.0
YHR093W,18.0
YHR094C,75.0
YHR095W,26.0
YHR096C,60.0
YHR097C,44.0
YHR098C,21.0
YHR099W,25.0
YHR100C,17.0
YHR101C,22.0
YHR102W,21.0
YHR103W,18.0
YHR104W,46.0
YHR105W,19.0
YHR106W,25.0
YHR107C,19.0
YHR108W,32.0
YHR109W,22.0
YHR110W,17.0
YHR111W,27.0
YHR112C,40.0
YHR113W,22.0
YHR114W,16.0
YHR115C,32.0
YHR116W,29.0
YHR117W,26.0
YHR118C,25.0
YHR119W,25.0
YHR120W,18.0
YHR121W,27.0
YHR122W,21.0
YHR123W,52.0
YHR124W,28.0
YHR125W,11.0
YHR126C,33.0
YHR127W,30.0
YHR128W,32.0
YHR129C,16.0
YHR130C,19.0
YHR131C,16.0
YHR131W-A,
YHR132C,17.0
YHR132W-A,16.0
YHR133C,24.0
YHR134W,23.0
YHR135C,90.0
YHR136C,107.0
YHR137C-A,
YHR137W,82.0
YHR138C,52.0
YHR139C,56.0
YHR139C-A,9.0
YHR140W,55.0
YHR141C,63.0
YHR142W,54.0
YHR143W,66.0
YHR143W-A,43.0
YHR144C,26.0
YHR145C,41.0
YHR146W,81.0
YHR147C,33.0
YHR148W,28.0
YHR149C,32.0
YHR150W,30.0
YHR151C,27.0
YHR152W,43.0
YHR153C,33.0
YHR154W,38.0
YHR155W,32.0
YHR156C,43.0
YHR157W,36.0
YHR158C,19.0
YHR159W,21.0
YHR160C,37.0
YHR161C,32.0
YHR162W,34.0
YHR163W,35.0
YHR164C,21.0
YHR165C,19.0
YHR165W-A,
YHR166C,15.0
YHR167W,18.0
YHR168W,18.0
YHR169W,35.0
YHR170W,36.0
YHR171W,30.0
YHR172W,21.0
YHR173C,24.0
YHR174W,63.0
YHR175W,34.0
YHR175W-A,2.0
YHR176W,31.0
YHR177W,36.0
YHR178W,24.0
YHR179W,61.0
YHR180C-B,
YHR180W,23.0
YHR180W-A,
YHR181W,27.0
YHR182C-A,
YHR182W,21.0
YHR183W,46.0
YHR184W,41.0
YHR185C,24.0
YHR186C,21.0
YHR187W,12.0
YHR188C,33.0
YHR189W,30.0
YHR190W,56.0
YHR191C,19.0
YHR192W,21.0
YHR193C,34.0
YHR193C-A,
YHR194W,28.0
YHR195W,26.0
YHR196W,38.0
YHR197W,33.0
YHR198C,15.0
YHR199C,31.0
YHR199C-A,5.0
YHR200W,66.0
YHR201C,23.0
YHR202W,26.0
YHR203C,39.0
YHR204W,28.0
YHR205W,20.0
YHR206W,20.0
YHR207C,34.0
YHR208W,63.0
YHR209W,48.0
YHR210C,39.0
YHR211W,41.0
YHR212C,15.0
YHR212W-A,8.0
YHR213W,30.0
YHR213W-A,3.0
YHR213W-B,8.0
YHR214C-B,25.0
YHR214C-C,23.0
YHR214C-D,2.0
YHR214C-E,3.0
YHR214W,39.0
YHR214W-A,43.0
YHR215W,84.0
YHR216W,54.0
YHR217C,33.0
YHR218W,25.0
YHR218W-A,
YHR219C-A,
YHR219W,47.0
YIL001W,18.0
YIL002C,16.0
YIL002W-A,12.0
YIL003W,33.0
YIL004C,21.0
YIL005W,18.0
YIL006W,22.0
YIL007C,17.0
YIL008W,38.0
YIL009C-A,26.0
YIL009W,31.0
YIL010W,35.0
YIL011W,63.0
YIL012W,18.0
YIL013C,46.0
YIL014C-A,26.0
YIL014W,24.0
YIL015W,81.0
YIL016W,33.0
YIL017C,19.0
YIL018W,39.0
YIL019W,48.0
YIL020C,27.0
YIL020C-A,
YIL021C-A,
YIL021W,15.0
YIL022W,35.0
YIL023C,34.0
YIL024C,22.0
YIL025C,7.0
YIL026C,24.0
YIL027C,41.0
YIL028W,11.0
YIL029C,16.0
YIL029W-A,
YIL030C,23.0
YIL030W-A,
YIL031W,18.0
YIL032C,16.0
YIL033C,38.0
YIL034C,14.0
YIL035C,22.0
YIL036W,35.0
YIL037C,39.0
YIL038C,16.0
YIL039W,17.0
YIL040W,34.0
YIL041W,32.0
YIL042C,30.0
YIL043C,24.0
YIL044C,39.0
YIL045W,35.0
YIL046W,33.0
YIL046W-A,12.0
YIL047C,38.0
YIL047C-A,
YIL048W,27.0
YIL049W,26.0
YIL050W,36.0
YIL051C,56.0
YIL052C,51.0
YIL053W,60.0
YIL054W,21.0
YIL055C,37.0
YIL056W,51.0
YIL057C,60.0
YIL058W,12.0
YIL059C,22.0
YIL060W,29.0
YIL061C,15.0
YIL062C,27.0
YIL063C,20.0
YIL064W,26.0
YIL065C,24.0
YIL066C,59.0
YIL066W-A,
YIL067C,22.0
YIL068C,10.0
YIL068W-A,
YIL069C,42.0
YIL070C,44.0
YIL071C,12.0
YIL071W-A,
YIL072W,32.0
YIL073C,28.0
YIL074C,29.0
YIL075C,21.0
YIL076W,36.0
YIL077C,27.0
YIL078W,24.0
YIL079C,24.0
YIL082W,
YIL082W-A,24.0
YIL083C,24.0
YIL084C,26.0
YIL085C,15.0
YIL086C,18.0
YIL087C,47.0
YIL088C,26.0
YIL089W,22.0
YIL090W,26.0
YIL091C,31.0
YIL092W,19.0
YIL093C,18.0
YIL094C,37.0
YIL095W,26.0
YIL096C,33.0
YIL097W,29.0
YIL098C,43.0
YIL099W,72.0
YIL100C-A,
YIL100W,36.0
YIL101C,58.0
YIL102C,36.0
YIL102C-A,2.0
YIL103W,28.0
YIL104C,13.0
YIL105C,30.0
YIL105W-A,2.0
YIL106W,22.0
YIL107C,39.0
YIL108W,31.0
YIL109C,28.0
YIL110W,16.0
YIL111W,38.0
YIL112W,25.0
YIL113W,38.0
YIL114C,45.0
YIL115C,21.0
YIL115W-A,
YIL116W,42.0
YIL117C,79.0
YIL118W,55.0
YIL119C,76.0
YIL120W,27.0
YIL121W,55.0
YIL122W,37.0
YIL123W,64.0
YIL124W,46.0
YIL125W,34.0
YIL126W,20.0
YIL127C,45.0
YIL128W,22.0
YIL129C,27.0
YIL130W,27.0
YIL131C,21.0
YIL132C,23.0
YIL133C,53.0
YIL134C-A,3.0
YIL134W,27.0
YIL135C,21.0
YIL136W,54.0
YIL137C,24.0
YIL138C,34.0
YIL139C,28.0
YIL140W,31.0
YIL141W,26.0
YIL142C-A,
YIL142W,19.0
YIL143C,23.0
YIL144W,26.0
YIL145C,30.0
YIL146C,35.0
YIL147C,26.0
YIL148W,46.0
YIL149C,29.0
YIL150C,18.0
YIL151C,19.0
YIL152W,18.0
YIL153W,40.0
YIL154C,33.0
YIL155C,53.0
YIL156W,46.0
YIL156W-A,
YIL156W-B,
YIL157C,26.0
YIL158W,58.0
YIL159W,27.0
YIL160C,45.0
YIL161W,19.0
YIL162W,74.0
YIL163C,11.0
YIL164C,32.0
YIL165C,28.0
YIL166C,29.0
YIL167W,13.0
YIL169C,57.0
YIL170W,46.0
YIL171W,48.0
YIL171W-A,
YIL172C,42.0
YIL173W,26.0
YIL174W,16.0
YIL175W,28.0
YIL176C,44.0
YIL177C,33.0
YIL177W-A,
YIR001C,28.0
YIR002C,30.0
YIR003W,19.0
YIR004W,33.0
YIR005W,22.0
YIR006C,21.0
YIR007W,29.0
YIR008C,23.0
YIR009W,19.0
YIR010W,48.0
YIR011C,16.0
YIR012W,28.0
YIR013C,20.0
YIR014W,22.0
YIR015W,29.0
YIR016W,45.0
YIR017C,34.0
YIR017W-A,
YIR018C-A,20.0
YIR018W,38.0
YIR019C,81.0
YIR020C,36.0
YIR020C-B,
YIR020W-A,7.0
YIR021W,28.0
YIR021W-A,4.0
YIR022W,21.0
YIR023C-A,
YIR023W,19.0
YIR024C,21.0
YIR025W,23.0
YIR026C,26.0
YIR027C,36.0
YIR028W,40.0
YIR029W,31.0
YIR030C,33.0
YIR030W-A,
YIR031C,33.0
YIR032C,39.0
YIR033W,35.0
YIR034C,66.0
YIR035C,59.0
YIR036C,32.0
YIR036W-A,
YIR037W,29.0
YIR038C,35.0
YIR039C,41.0
YIR040C,10.0
YIR041W,35.0
YIR042C,42.0
YIR043C,40.0
YJL001W,24.0
YJL002C,21.0
YJL003W,27.0
YJL004C,21.0
YJL005W,22.0
YJL006C,18.0
YJL007C,17.0
YJL008C,21.0
YJL009W,18.0
YJL010C,21.0
YJL011C,19.0
YJL012C,33.0
YJL013C,18.0
YJL014W,12.0
YJL015C,11.0
YJL016W,32.0
YJL019W,23.0
YJL020C,29.0
YJL020W-A,
YJL022W,21.0
YJL023C,24.0
YJL024C,21.0
YJL025W,19.0
YJL026C-A,
YJL026W,57.0
YJL027C,26.0
YJL028W,18.0
YJL029C,27.0
YJL030W,20.0
YJL031C,27.0
YJL032W,8.0
YJL033W,30.0
YJL034W,46.0
YJL035C,21.0
YJL036W,26.0
YJL037W,34.0
YJL038C,39.0
YJL039C,18.0
YJL041W,17.0
YJL042W,33.0
YJL043W,33.0
YJL044C,46.0
YJL045W,39.0
YJL046W,14.0
YJL047C,16.0
YJL047C-A,15.0
YJL048C,55.0
YJL049W,29.0
YJL050W,34.0
YJL051W,41.0
YJL052C-A,12.0
YJL052W,72.0
YJL053W,28.0
YJL054W,13.0
YJL055W,22.0
YJL056C,35.0
YJL057C,38.0
YJL058C,15.0
YJL059W,16.0
YJL060W,32.0
YJL061W,17.0
YJL062W,33.0
YJL062W-A,10.0
YJL063C,35.0
YJL064W,10.0
YJL065C,13.0
YJL066C,25.0
YJL067W,13.0
YJL068C,32.0
YJL069C,29.0
YJL070C,17.0
YJL071W,16.0
YJL072C,13.0
YJL073W,25.0
YJL074C,23.0
YJL075C,12.0
YJL076W,85.0
YJL077C,26.0
YJL077W-A,8.0
YJL077W-B,13.0
YJL078C,57.0
YJL079C,75.0
YJL080C,34.0
YJL081C,11.0
YJL082W,29.0
YJL083W,16.0
YJL084C,22.0
YJL085W,15.0
YJL086C,19.0
YJL087C,18.0
YJL088W,56.0
YJL089W,52.0
YJL090C,16.0
YJL091C,21.0
YJL092W,27.0
YJL093C,23.0
YJL094C,22.0
YJL095W,22.0
YJL096W,22.0
YJL097W,27.0
YJL098W,26.0
YJL099W,16.0
YJL100W,26.0
YJL101C,47.0
YJL102W,36.0
YJL103C,26.0
YJL104W,26.0
YJL105W,34.0
YJL106W,39.0
YJL107C,45.0
YJL108C,36.0
YJL109C,21.0
YJL110C,32.0
YJL111W,19.0
YJL112W,18.0
YJL113W,6.0
YJL114W,12.0
YJL115W,57.0
YJL116C,50.0
YJL117W,23.0
YJL118W,36.0
YJL119C,21.0
YJL120W,13.0
YJL121C,34.0
YJL122W,46.0
YJL123C,27.0
YJL124C,42.0
YJL125C,6.0
YJL126W,13.0
YJL127C,14.0
YJL127C-B,9.0
YJL127W-A,1.0
YJL128C,14.0
YJL129C,16.0
YJL130C,28.0
YJL131C,20.0
YJL132W,23.0
YJL133C-A,19.0
YJL133W,29.0
YJL134W,29.0
YJL135W,17.0
YJL136C,40.0
YJL136W-A,8.0
YJL137C,19.0
YJL138C,23.0
YJL139C,17.0
YJL140W,24.0
YJL141C,37.0
YJL142C,41.0
YJL143W,30.0
YJL144W,65.0
YJL145W,38.0
YJL146W,20.0
YJL147C,19.0
YJL148W,74.0
YJL149W,32.0
YJL150W,16.0
YJL151C,35.0
YJL152W,27.0
YJL153C,79.0
YJL154C,22.0
YJL155C,24.0
YJL156C,16.0
YJL156W-A,8.0
YJL157C,37.0
YJL158C,69.0
YJL159W,59.0
YJL160C,36.0
YJL161W,36.0
YJL162C,21.0
YJL163C,36.0
YJL164C,41.0
YJL165C,20.0
YJL166W,45.0
YJL167W,46.0
YJL168C,23.0
YJL169W,11.0
YJL170C,51.0
YJL171C,33.0
YJL172W,38.0
YJL173C,23.0
YJL174W,16.0
YJL175W,13.0
YJL176C,16.0
YJL177W,39.0
YJL178C,31.0
YJL179W,21.0
YJL180C,36.0
YJL181W,13.0
YJL182C,14.0
YJL183W,21.0
YJL184W,28.0
YJL185C,23.0
YJL186W,25.0
YJL187C,19.0
YJL188C,45.0
YJL189W,35.0
YJL190C,47.0
YJL191W,37.0
YJL192C,23.0
YJL193W,23.0
YJL194W,37.0
YJL195C,11.0
YJL196C,70.0
YJL197C-A,
YJL197W,11.0
YJL198W,31.0
YJL199C,16.0
YJL200C,51.0
YJL201W,22.0
YJL202C,11.0
YJL203W,22.0
YJL204C,23.0
YJL205C,16.0
YJL206C,22.0
YJL207C,17.0
YJL208C,25.0
YJL209W,19.0
YJL210W,22.0
YJL211C,14.0
YJL212C,47.0
YJL213W,45.0
YJL214W,24.0
YJL215C,10.0
YJL216C,34.0
YJL217W,44.0
YJL218W,44.0
YJL219W,46.0
YJL220W,21.0
YJL221C,35.0
YJL222W,33.0
YJL222W-A,
YJL222W-B,
YJL223C,45.0
YJL225C,35.0
YJL225W-A,
YJR001W,23.0
YJR002W,23.0
YJR003C,33.0
YJR004C,50.0
YJR005C-A,6.0
YJR005W,16.0
YJR006W,21.0
YJR007W,32.0
YJR008W,41.0
YJR009C,53.0
YJR010C-A,26.0
YJR010W,44.0
YJR011C,41.0
YJR012C,16.0
YJR013W,19.0
YJR014W,24.0
YJR015W,40.0
YJR016C,47.0
YJR017C,20.0
YJR018W,14.0
YJR019C,24.0
YJR020W,26.0
YJR021C,22.0
YJR022W,19.0
YJR023C,11.0
YJR024C,22.0
YJR025C,49.0
YJR026W,28.0
YJR027W,34.0
YJR028W,24.0
YJR029W,28.0
YJR030C,31.0
YJR031C,10.0
YJR032W,14.0
YJR033C,19.0
YJR034W,23.0
YJR035W,13.0
YJR036C,19.0
YJR037W,9.0
YJR038C,12.0
YJR039W,16.0
YJR040W,11.0
YJR041C,23.0
YJR042W,14.0
YJR043C,29.0
YJR044C,51.0
YJR045C,37.0
YJR046W,48.0
YJR047C,53.0
YJR048W,77.0
YJR049C,20.0
YJR050W,29.0
YJR051W,23.0
YJR052W,21.0
YJR053W,24.0
YJR054W,35.0
YJR055W,18.0
YJR056C,20.0
YJR057W,16.0
YJR058C,22.0
YJR059W,32.0
YJR060W,25.0
YJR061W,29.0
YJR062C,14.0
YJR063W,32.0
YJR064W,17.0
YJR065C,15.0
YJR066W,18.0
YJR067C,10.0
YJR068W,8.0
YJR069C,17.0
YJR070C,38.0
YJR071W,20.0
YJR072C,17.0
YJR073C,30.0
YJR074W,20.0
YJR075W,23.0
YJR076C,18.0
YJR077C,45.0
YJR078W,47.0
YJR079W,28.0
YJR080C,10.0
YJR082C,17.0
YJR083C,18.0
YJR084W,16.0
YJR085C,40.0
YJR086W,38.0
YJR087W,25.0
YJR088C,19.0
YJR089W,25.0
YJR090C,17.0
YJR091C,29.0
YJR092W,35.0
YJR093C,14.0
YJR094C,66.0
YJR094W-A,55.0
YJR095W,45.0
YJR096W,43.0
YJR097W,20.0
YJR098C,20.0
YJR099W,22.0
YJR100C,31.0
YJR101W,33.0
YJR102C,29.0
YJR103W,31.0
YJR104C,55.0
YJR105W,32.0
YJR106W,24.0
YJR107W,24.0
YJR108W,34.0
YJR109C,41.0
YJR110W,25.0
YJR111C,20.0
YJR112W,42.0
YJR112W-A,3.0
YJR113C,33.0
YJR114W,18.0
YJR115W,40.0
YJR116W,46.0
YJR117W,38.0
YJR118C,28.0
YJR119C,36.0
YJR120W,24.0
YJR121W,56.0
YJR122W,32.0
YJR123W,36.0
YJR124C,32.0
YJR125C,18.0
YJR126C,14.0
YJR127C,39.0
YJR128W,22.0
YJR129C,25.0
YJR130C,22.0
YJR131W,32.0
YJR132W,25.0
YJR133W,23.0
YJR134C,13.0
YJR135C,18.0
YJR135W-A,44.0
YJR136C,15.0
YJR137C,47.0
YJR138W,21.0
YJR139C,31.0
YJR140C,12.0
YJR140W-A,
YJR141W,16.0
YJR142W,14.0
YJR143C,35.0
YJR144W,27.0
YJR145C,49.0
YJR146W,42.0
YJR147W,62.0
YJR148W,116.0
YJR149W,34.0
YJR150C,52.0
YJR151C,41.0
YJR151W-A,5.0
YJR152W,45.0
YJR153W,26.0
YJR154W,23.0
YJR155W,25.0
YJR156C,42.0
YJR157W,23.0
YJR158W,48.0
YJR159W,38.0
YJR160C,11.0
YJR161C,30.0
YJR162C,14.0
YKL001C,79.0
YKL002W,17.0
YKL003C,31.0
YKL004W,28.0
YKL005C,18.0
YKL006C-A,34.0
YKL006W,43.0
YKL007W,50.0
YKL008C,48.0
YKL009W,48.0
YKL010C,19.0
YKL011C,22.0
YKL012W,18.0
YKL013C,14.0
YKL014C,20.0
YKL015W,32.0
YKL016C,47.0
YKL017C,21.0
YKL018C-A,6.0
YKL018W,22.0
YKL019W,23.0
YKL020C,19.0
YKL021C,29.0
YKL022C,24.0
YKL023C-A,5.0
YKL023W,26.0
YKL024C,24.0
YKL025C,17.0
YKL026C,46.0
YKL027W,26.0
YKL028W,34.0
YKL029C,59.0
YKL030W,49.0
YKL031W,25.0
YKL032C,56.0
YKL033W,14.0
YKL033W-A,32.0
YKL034W,17.0
YKL035W,51.0
YKL036C,24.0
YKL037W,32.0
YKL038W,25.0
YKL039W,31.0
YKL040C,33.0
YKL041W,20.0
YKL042W,24.0
YKL043W,70.0
YKL044W,53.0
YKL045W,36.0
YKL046C,16.0
YKL047W,22.0
YKL048C,18.0
YKL049C,42.0
YKL050C,24.0
YKL051W,66.0
YKL052C,34.0
YKL053C-A,39.0
YKL053W,13.0
YKL054C,25.0
YKL055C,25.0
YKL056C,28.0
YKL057C,30.0
YKL058W,35.0
YKL059C,25.0
YKL060C,51.0
YKL061W,26.0
YKL062W,61.0
YKL063C,39.0
YKL064W,23.0
YKL065C,30.0
YKL065W-A,4.0
YKL066W,31.0
YKL067W,47.0
YKL068W,32.0
YKL068W-A,14.0
YKL069W,37.0
YKL070W,34.0
YKL071W,36.0
YKL072W,35.0
YKL073W,40.0
YKL074C,23.0
YKL075C,15.0
YKL076C,14.0
YKL077W,23.0
YKL078W,35.0
YKL079W,20.0
YKL080W,22.0
YKL081W,56.0
YKL082C,46.0
YKL083W,13.0
YKL084W,43.0
YKL085W,53.0
YKL086W,40.0
YKL087C,37.0
YKL088W,18.0
YKL089W,26.0
YKL090W,19.0
YKL091C,40.0
YKL092C,23.0
YKL093W,38.0
YKL094W,22.0
YKL095W,29.0
YKL096C-B,19.0
YKL096W,82.0
YKL096W-A,71.0
YKL097C,38.0
YKL098W,24.0
YKL099C,35.0
YKL100C,26.0
YKL100W-A,
YKL101W,31.0
YKL102C,22.0
YKL103C,63.0
YKL104C,34.0
YKL105C,22.0
YKL106C-A,6.0
YKL106W,28.0
YKL107W,39.0
YKL108W,25.0
YKL109W,74.0
YKL110C,42.0
YKL111C,16.0
YKL112W,22.0
YKL113C,30.0
YKL114C,17.0
YKL115C,18.0
YKL116C,26.0
YKL117W,23.0
YKL118W,11.0
YKL119C,36.0
YKL120W,95.0
YKL121W,19.0
YKL122C,37.0
YKL123W,21.0
YKL124W,24.0
YKL125W,26.0
YKL126W,14.0
YKL127W,33.0
YKL128C,26.0
YKL129C,23.0
YKL130C,23.0
YKL131W,11.0
YKL132C,28.0
YKL133C,27.0
YKL134C,14.0
YKL135C,15.0
YKL136W,15.0
YKL137W,35.0
YKL138C,44.0
YKL138C-A,12.0
YKL139W,21.0
YKL140W,27.0
YKL141W,36.0
YKL142W,50.0
YKL143W,41.0
YKL144C,27.0
YKL145W,22.0
YKL145W-A,
YKL146W,32.0
YKL147C,13.0
YKL148C,39.0
YKL149C,43.0
YKL150W,48.0
YKL151C,52.0
YKL152C,35.0
YKL153W,32.0
YKL154W,22.0
YKL155C,22.0
YKL156C-A,
YKL156W,53.0
YKL157W,33.0
YKL159C,30.0
YKL160W,37.0
YKL161C,39.0
YKL162C,27.0
YKL162C-A,25.0
YKL163W,75.0
YKL164C,65.0
YKL165C,42.0
YKL165C-A,6.0
YKL166C,20.0
YKL167C,23.0
YKL168C,26.0
YKL169C,27.0
YKL170W,23.0
YKL171W,24.0
YKL172W,45.0
YKL173W,23.0
YKL174C,24.0
YKL175W,31.0
YKL176C,21.0
YKL177W,54.0
YKL178C,54.0
YKL179C,28.0
YKL180W,33.0
YKL181W,29.0
YKL182W,45.0
YKL183C-A,3.0
YKL183W,35.0
YKL184W,22.0
YKL185W,40.0
YKL186C,24.0
YKL187C,46.0
YKL188C,22.0
YKL189W,22.0
YKL190W,17.0
YKL191W,21.0
YKL192C,35.0
YKL193C,19.0
YKL194C,26.0
YKL195W,32.0
YKL196C,38.0
YKL197C,29.0
YKL198C,44.0
YKL201C,44.0
YKL202W,20.0
YKL203C,18.0
YKL204W,23.0
YKL205W,23.0
YKL206C,53.0
YKL207W,19.0
YKL208W,30.0
YKL209C,49.0
YKL210W,33.0
YKL211C,28.0
YKL212W,29.0
YKL213C,19.0
YKL214C,32.0
YKL215C,24.0
YKL216W,67.0
YKL217W,54.0
YKL218C,37.0
YKL219W,29.0
YKL220C,39.0
YKL221W,27.0
YKL222C,16.0
YKL223W,11.0
YKL224C,35.0
YKL225W,25.0
YKR001C,24.0
YKR002W,14.0
YKR003W,24.0
YKR004C,27.0
YKR005C,20.0
YKR006C,20.0
YKR007W,21.0
YKR008W,20.0
YKR009C,35.0
YKR010C,21.0
YKR011C,42.0
YKR012C,49.0
YKR013W,69.0
YKR014C,21.0
YKR015C,19.0
YKR016W,25.0
YKR017C,19.0
YKR018C,19.0
YKR019C,22.0
YKR020W,22.0
YKR021W,18.0
YKR022C,25.0
YKR023W,37.0
YKR024C,46.0
YKR025W,28.0
YKR026C,24.0
YKR027W,22.0
YKR028W,14.0
YKR029C,18.0
YKR030W,25.0
YKR031C,19.0
YKR032W,17.0
YKR033C,10.0
YKR034W,32.0
YKR035C,
YKR035W-A,20.0
YKR036C,16.0
YKR037C,20.0
YKR038C,29.0
YKR039W,51.0
YKR040C,35.0
YKR041W,39.0
YKR042W,74.0
YKR043C,24.0
YKR044W,24.0
YKR045C,21.0
YKR046C,36.0
YKR047W,15.0
YKR048C,34.0
YKR049C,37.0
YKR050W,20.0
YKR051W,19.0
YKR052C,25.0
YKR053C,39.0
YKR054C,19.0
YKR055W,27.0
YKR056W,41.0
YKR057W,50.0
YKR058W,37.0
YKR059W,29.0
YKR060W,23.0
YKR061W,52.0
YKR062W,25.0
YKR063C,20.0
YKR064W,23.0
YKR065C,28.0
YKR066C,28.0
YKR067W,30.0
YKR068C,22.0
YKR069W,36.0
YKR070W,16.0
YKR071C,24.0
YKR072C,24.0
YKR073C,17.0
YKR074W,22.0
YKR075C,50.0
YKR075W-A,
YKR076W,47.0
YKR077W,36.0
YKR078W,23.0
YKR079C,27.0
YKR080W,45.0
YKR081C,40.0
YKR082W,19.0
YKR083C,22.0
YKR084C,18.0
YKR085C,34.0
YKR086W,30.0
YKR087C,21.0
YKR088C,20.0
YKR089C,25.0
YKR090W,23.0
YKR091W,44.0
YKR092C,49.0
YKR093W,90.0
YKR094C,45.0
YKR095W,28.0
YKR095W-A,4.0
YKR096W,25.0
YKR097W,50.0
YKR098C,31.0
YKR099W,36.0
YKR100C,23.0
YKR101W,28.0
YKR102W,45.0
YKR103W,18.0
YKR104W,22.0
YKR105C,21.0
YKR106W,39.0
YLL001W,35.0
YLL002W,28.0
YLL003W,19.0
YLL004W,22.0
YLL005C,27.0
YLL006W,30.0
YLL006W-A,5.0
YLL007C,15.0
YLL008W,42.0
YLL009C,57.0
YLL010C,39.0
YLL011W,38.0
YLL012W,40.0
YLL013C,32.0
YLL014W,28.0
YLL015W,23.0
YLL016W,26.0
YLL017W,18.0
YLL018C,44.0
YLL018C-A,28.0
YLL019C,34.0
YLL019W-A,
YLL020C,18.0
YLL021W,21.0
YLL022C,38.0
YLL023C,51.0
YLL024C,50.0
YLL025W,28.0
YLL026W,67.0
YLL027W,29.0
YLL028W,51.0
YLL029W,26.0
YLL030C,13.0
YLL031C,23.0
YLL032C,30.0
YLL033W,27.0
YLL034C,54.0
YLL035W,16.0
YLL036C,21.0
YLL037W,31.0
YLL038C,23.0
YLL039C,46.0
YLL040C,21.0
YLL041C,47.0
YLL042C,20.0
YLL043W,21.0
YLL044W,
YLL045C,29.0
YLL046C,35.0
YLL047W,
YLL048C,16.0
YLL049W,30.0
YLL050C,26.0
YLL051C,32.0
YLL052C,40.0
YLL053C,26.0
YLL054C,22.0
YLL055W,42.0
YLL056C,26.0
YLL057C,35.0
YLL058W,32.0
YLL059C,14.0
YLL060C,33.0
YLL061W,51.0
YLL062C,32.0
YLL063C,21.0
YLL064C,34.0
YLL065W,31.0
YLL066C,37.0
YLL066W-A,
YLL066W-B,12.0
YLL067C,45.0
YLL067W-A,
YLR001C,20.0
YLR002C,29.0
YLR003C,18.0
YLR004C,31.0
YLR005W,17.0
YLR006C,20.0
YLR007W,18.0
YLR008C,30.0
YLR009W,29.0
YLR010C,20.0
YLR011W,29.0
YLR012C,28.0
YLR013W,28.0
YLR014C,17.0
YLR015W,18.0
YLR016C,15.0
YLR017W,15.0
YLR018C,17.0
YLR019W,22.0
YLR020C,19.0
YLR021W,18.0
YLR022C,34.0
YLR023C,43.0
YLR024C,20.0
YLR025W,34.0
YLR026C,39.0
YLR027C,39.0
YLR028C,40.0
YLR029C,35.0
YLR030W,41.0
YLR031W,33.0
YLR032W,21.0
YLR033W,28.0
YLR034C,39.0
YLR035C,28.0
YLR035C-A,44.0
YLR036C,23.0
YLR037C,32.0
YLR038C,53.0
YLR039C,17.0
YLR040C,58.0
YLR041W,47.0
YLR042C,74.0
YLR043C,47.0
YLR044C,67.0
YLR045C,26.0
YLR046C,30.0
YLR047C,47.0
YLR048W,38.0
YLR049C,86.0
YLR050C,32.0
YLR051C,43.0
YLR052W,16.0
YLR053C,33.0
YLR054C,45.0
YLR055C,32.0
YLR056W,62.0
YLR057W,25.0
YLR058C,52.0
YLR059C,22.0
YLR060W,42.0
YLR061W,49.0
YLR062C,45.0
YLR063W,25.0
YLR064W,35.0
YLR065C,29.0
YLR066W,31.0
YLR067C,27.0
YLR068W,42.0
YLR069C,32.0
YLR070C,36.0
YLR071C,16.0
YLR072W,16.0
YLR073C,35.0
YLR074C,38.0
YLR075W,40.0
YLR076C,31.0
YLR077W,16.0
YLR078C,19.0
YLR079W,42.0
YLR080W,48.0
YLR081W,48.0
YLR082C,30.0
YLR083C,38.0
YLR084C,43.0
YLR085C,30.0
YLR086W,23.0
YLR087C,17.0
YLR088W,23.0
YLR089C,69.0
YLR090W,33.0
YLR091W,16.0
YLR092W,39.0
YLR093C,25.0
YLR094C,33.0
YLR095C,23.0
YLR096W,24.0
YLR097C,26.0
YLR098C,21.0
YLR099C,111.0
YLR099W-A,9.0
YLR100W,42.0
YLR101C,53.0
YLR102C,29.0
YLR103C,24.0
YLR104W,33.0
YLR105C,27.0
YLR106C,21.0
YLR107W,28.0
YLR108C,62.0
YLR109W,53.0
YLR110C,66.0
YLR111W,36.0
YLR112W,45.0
YLR113W,51.0
YLR114C,20.0
YLR115W,18.0
YLR116W,20.0
YLR117C,23.0
YLR118C,25.0
YLR119W,38.0
YLR120C,54.0
YLR120W-A,
YLR121C,71.0
YLR122C,14.0
YLR123C,15.0
YLR124W,10.0
YLR125W,38.0
YLR126C,22.0
YLR127C,28.0
YLR128W,27.0
YLR129W,35.0
YLR130C,33.0
YLR131C,34.0
YLR132C,30.0
YLR133W,28.0
YLR134W,47.0
YLR135W,17.0
YLR136C,64.0
YLR137W,25.0
YLR138W,21.0
YLR139C,30.0
YLR140W,30.0
YLR141W,24.0
YLR142W,60.0
YLR143W,20.0
YLR144C,16.0
YLR145W,18.0
YLR146C,22.0
YLR146W-A,1.0
YLR147C,33.0
YLR148W,23.0
YLR149C,56.0
YLR149C-A,10.0
YLR150W,34.0
YLR151C,22.0
YLR152C,55.0
YLR153C,46.0
YLR154C,48.0
YLR154C-G,9.0
YLR154C-H,6.0
YLR154W-A,
YLR154W-B,5.0
YLR154W-C,10.0
YLR154W-E,7.0
YLR154W-F,3.0
YLR155C,39.0
YLR156C-A,2.0
YLR156W,43.0
YLR157C,32.0
YLR157C-A,23.0
YLR157C-B,14.0
YLR157C-C,2.0
YLR157W-D,1.0
YLR157W-E,5.0
YLR158C,35.0
YLR159C-A,3.0
YLR159W,37.0
YLR160C,31.0
YLR161W,41.0
YLR162W,35.0
YLR162W-A,16.0
YLR163C,30.0
YLR163W-A,
YLR164W,30.0
YLR165C,18.0
YLR166C,23.0
YLR167W,49.0
YLR168C,46.0
YLR169W,23.0
YLR170C,26.0
YLR171W,26.0
YLR172C,31.0
YLR173W,32.0
YLR174W,51.0
YLR175W,29.0
YLR176C,25.0
YLR177W,56.0
YLR178C,73.0
YLR179C,31.0
YLR180W,60.0
YLR181C,19.0
YLR182W,17.0
YLR183C,80.0
YLR184W,24.0
YLR185W,50.0
YLR186W,33.0
YLR187W,18.0
YLR188W,17.0
YLR189C,26.0
YLR190W,36.0
YLR191W,17.0
YLR192C,31.0
YLR193C,24.0
YLR194C,66.0
YLR195C,21.0
YLR196W,40.0
YLR197W,41.0
YLR198C,17.0
YLR199C,21.0
YLR200W,33.0
YLR201C,17.0
YLR202C,18.0
YLR203C,36.0
YLR204W,30.0
YLR205C,47.0
YLR206W,27.0
YLR207W,26.0
YLR208W,14.0
YLR209C,20.0
YLR210W,22.0
YLR211C,19.0
YLR212C,38.0
YLR213C,37.0
YLR214W,56.0
YLR215C,10.0
YLR216C,44.0
YLR217W,28.0
YLR218C,26.0
YLR219W,22.0
YLR220W,38.0
YLR221C,33.0
YLR222C,38.0
YLR222C-A,
YLR223C,27.0
YLR224W,20.0
YLR225C,37.0
YLR226W,15.0
YLR227C,26.0
YLR227W-A,20.0
YLR227W-B,13.0
YLR228C,35.0
YLR229C,29.0
YLR230W,22.0
YLR231C,42.0
YLR232W,33.0
YLR233C,33.0
YLR234W,34.0
YLR235C,11.0
YLR236C,14.0
YLR237W,60.0
YLR238W,24.0
YLR239C,23.0
YLR240W,18.0
YLR241W,19.0
YLR242C,23.0
YLR243W,23.0
YLR244C,25.0
YLR245C,20.0
YLR246W,17.0
YLR247C,25.0
YLR248W,34.0
YLR249W,46.0
YLR250W,33.0
YLR251W,53.0
YLR252W,42.0
YLR253W,21.0
YLR254C,36.0
YLR255C,31.0
YLR256W,41.0
YLR256W-A,23.0
YLR257W,52.0
YLR258W,61.0
YLR259C,40.0
YLR260W,31.0
YLR261C,24.0
YLR262C,37.0
YLR262C-A,34.0
YLR263W,27.0
YLR264C-A,10.0
YLR264W,51.0
YLR265C,33.0
YLR266C,26.0
YLR267W,53.0
YLR268W,24.0
YLR269C,33.0
YLR270W,36.0
YLR271W,23.0
YLR272C,18.0
YLR273C,24.0
YLR274W,29.0
YLR275W,31.0
YLR276C,31.0
YLR277C,24.0
YLR278C,32.0
YLR279W,19.0
YLR280C,22.0
YLR281C,33.0
YLR282C,13.0
YLR283W,25.0
YLR284C,29.0
YLR285C-A,6.0
YLR285W,29.0
YLR286C,68.0
YLR286W-A,
YLR287C,28.0
YLR287C-A,58.0
YLR288C,22.0
YLR289W,19.0
YLR290C,32.0
YLR291C,15.0
YLR292C,45.0
YLR293C,31.0
YLR294C,51.0
YLR295C,46.0
YLR296W,24.0
YLR297W,93.0
YLR298C,25.0
YLR299C-A,
YLR299W,44.0
YLR300W,69.0
YLR301W,29.0
YLR302C,46.0
YLR303W,58.0
YLR304C,64.0
YLR305C,18.0
YLR306W,28.0
YLR307C-A,9.0
YLR307W,33.0
YLR308W,26.0
YLR309C,22.0
YLR310C,17.0
YLR311C,24.0
YLR312C,46.0
YLR312W-A,35.0
YLR313C,24.0
YLR314C,23.0
YLR315W,26.0
YLR316C,18.0
YLR317W,14.0
YLR318W,23.0
YLR319C,22.0
YLR320W,20.0
YLR321C,23.0
YLR322W,20.0
YLR323C,15.0
YLR324W,25.0
YLR325C,46.0
YLR326W,42.0
YLR327C,70.0
YLR328W,44.0
YLR329W,23.0
YLR330W,21.0
YLR331C,18.0
YLR332W,47.0
YLR333C,44.0
YLR334C,37.0
YLR335W,27.0
YLR336C,15.0
YLR337C,28.0
YLR338W,19.0
YLR339C,47.0
YLR340W,56.0
YLR341W,36.0
YLR342W,47.0
YLR342W-A,3.0
YLR343W,70.0
YLR344W,46.0
YLR345W,40.0
YLR346C,46.0
YLR347C,24.0
YLR347W-A,
YLR348C,60.0
YLR349W,63.0
YLR350W,50.0
YLR351C,30.0
YLR352W,26.0
YLR353W,31.0
YLR354C,38.0
YLR355C,57.0
YLR356W,55.0
YLR357W,22.0
YLR358C,14.0
YLR359W,44.0
YLR360W,23.0
YLR361C,18.0
YLR361C-A,4.0
YLR362W,24.0
YLR363C,21.0
YLR363W-A,12.0
YLR364C-A,
YLR364W,34.0
YLR365W,15.0
YLR366W,26.0
YLR367W,53.0
YLR368W,17.0
YLR369W,21.0
YLR370C,23.0
YLR371W,17.0
YLR372W,53.0
YLR373C,26.0
YLR374C,49.0
YLR375W,54.0
YLR376C,20.0
YLR377C,43.0
YLR378C,28.0
YLR379W,28.0
YLR380W,52.0
YLR381W,19.0
YLR382C,24.0
YLR383W,22.0
YLR384C,25.0
YLR385C,14.0
YLR386W,14.0
YLR387C,45.0
YLR388W,47.0
YLR389C,26.0
YLR390W,25.0
YLR390W-A,44.0
YLR392C,19.0
YLR393W,16.0
YLR394W,26.0
YLR395C,55.0
YLR396C,20.0
YLR397C,39.0
YLR398C,34.0
YLR399C,38.0
YLR399W-A,
YLR400W,24.0
YLR401C,36.0
YLR402W,20.0
YLR403W,29.0
YLR404W,14.0
YLR405W,24.0
YLR406C,41.0
YLR406C-A,7.0
YLR407W,25.0
YLR408C,27.0
YLR409C,31.0
YLR410W,22.0
YLR410W-A,25.0
YLR410W-B,29.0
YLR411W,25.0
YLR412C-A,10.0
YLR412W,45.0
YLR413W,57.0
YLR414C,59.0
YLR415C,28.0
YLR416C,37.0
YLR417W,26.0
YLR418C,15.0
YLR419W,16.0
YLR420W,58.0
YLR421C,43.0
YLR422W,18.0
YLR423C,30.0
YLR424W,23.0
YLR425W,17.0
YLR426W,17.0
YLR427W,35.0
YLR428C,28.0
YLR429W,23.0
YLR430W,23.0
YLR431C,26.0
YLR432W,46.0
YLR433C,33.0
YLR434C,
YLR435W,36.0
YLR436C,27.0
YLR437C,42.0
YLR437C-A,
YLR438C-A,53.0
YLR438W,64.0
YLR439W,59.0
YLR440C,20.0
YLR441C,37.0
YLR442C,15.0
YLR443W,17.0
YLR444C,16.0
YLR445W,20.0
YLR446W,24.0
YLR447C,34.0
YLR448W,37.0
YLR449W,33.0
YLR450W,21.0
YLR451W,26.0
YLR452C,60.0
YLR453C,23.0
YLR454W,32.0
YLR455W,28.0
YLR456W,25.0
YLR457C,20.0
YLR458W,13.0
YLR459W,26.0
YLR460C,43.0
YLR461W,53.0
YLR462W,44.0
YLR463C,38.0
YLR464W,29.0
YLR465C,32.0
YLR466C-A,
YLR466C-B,8.0
YLR466W,47.0
YLR467C-A,
YLR467W,51.0
YML001W,23.0
YML002W,25.0
YML003W,29.0
YML004C,41.0
YML005W,24.0
YML006C,32.0
YML007C-A,16.0
YML007W,50.0
YML008C,47.0
YML009C,46.0
YML009C-A,6.0
YML009W-B,5.0
YML010W,29.0
YML011C,17.0
YML012C-A,4.0
YML012W,20.0
YML013W,21.0
YML014W,18.0
YML015C,24.0
YML016C,17.0
YML017W,21.0
YML018C,33.0
YML019W,25.0
YML020W,17.0
YML021C,19.0
YML022W,25.0
YML023C,27.0
YML024W,41.0
YML025C,29.0
YML026C,43.0
YML027W,64.0
YML028W,47.0
YML029W,28.0
YML030W,25.0
YML031C-A,
YML031W,18.0
YML032C,16.0
YML034C-A,8.0
YML034W,21.0
YML035C,30.0
YML036W,17.0
YML037C,22.0
YML038C,23.0
YML039W,13.0
YML040W,23.0
YML041C,26.0
YML042W,48.0
YML043C,25.0
YML045W,16.0
YML045W-A,25.0
YML046W,32.0
YML047C,29.0
YML047W-A,5.0
YML048W,15.0
YML049C,18.0
YML050W,32.0
YML051W,25.0
YML052W,58.0
YML053C,37.0
YML054C,50.0
YML054C-A,5.0
YML055W,47.0
YML056C,52.0
YML057C-A,8.0
YML057W,34.0
YML058W,39.0
YML058W-A,49.0
YML059C,33.0
YML060W,15.0
YML061C,17.0
YML062C,19.0
YML063W,51.0
YML064C,28.0
YML065W,19.0
YML066C,26.0
YML067C,22.0
YML068W,12.0
YML069W,14.0
YML070W,32.0
YML071C,19.0
YML072C,27.0
YML073C,44.0
YML074C,16.0
YML075C,36.0
YML076C,25.0
YML077W,30.0
YML078W,23.0
YML079W,18.0
YML080W,20.0
YML081C-A,58.0
YML081W,27.0
YML082W,24.0
YML083C,34.0
YML084W,27.0
YML085C,42.0
YML086C,37.0
YML087C,41.0
YML088W,32.0
YML089C,33.0
YML090W,20.0
YML091C,45.0
YML092C,20.0
YML093W,36.0
YML094C-A,4.0
YML094W,43.0
YML095C,18.0
YML096W,18.0
YML097C,19.0
YML098W,23.0
YML099C,23.0
YML099W-A,5.0
YML100W,75.0
YML100W-A,27.0
YML101C,42.0
YML101C-A,15.0
YML102W,18.0
YML103C,20.0
YML104C,18.0
YML105C,18.0
YML106W,24.0
YML107C,32.0
YML108W,37.0
YML109W,31.0
YML110C,23.0
YML111W,28.0
YML112W,28.0
YML113W,36.0
YML114C,36.0
YML115C,27.0
YML116W,51.0
YML116W-A,6.0
YML117W,27.0
YML118W,26.0
YML119W,35.0
YML120C,68.0
YML121W,44.0
YML122C,21.0
YML123C,63.0
YML124C,37.0
YML125C,38.0
YML126C,49.0
YML127W,20.0
YML128C,57.0
YML129C,23.0
YML130C,64.0
YML131W,57.0
YML132W,47.0
YML133C,38.0
YML133W-A,
YML133W-B,
YMR001C,54.0
YMR001C-A,9.0
YMR002W,43.0
YMR003W,52.0
YMR004W,23.0
YMR005W,22.0
YMR006C,71.0
YMR007W,29.0
YMR008C,45.0
YMR009W,51.0
YMR010W,26.0
YMR011W,77.0
YMR012W,28.0
YMR013C,37.0
YMR013C-A,
YMR013W-A,19.0
YMR014W,44.0
YMR015C,51.0
YMR016C,52.0
YMR017W,64.0
YMR018W,27.0
YMR019W,28.0
YMR020W,33.0
YMR021C,22.0
YMR022W,27.0
YMR023C,78.0
YMR024W,20.0
YMR025W,21.0
YMR026C,21.0
YMR027W,38.0
YMR028W,21.0
YMR029C,18.0
YMR030W,25.0
YMR030W-A,2.0
YMR031C,27.0
YMR031W-A,14.0
YMR032W,38.0
YMR033W,31.0
YMR034C,119.0
YMR035W,34.0
YMR036C,24.0
YMR037C,64.0
YMR038C,45.0
YMR039C,34.0
YMR040W,50.0
YMR041C,38.0
YMR042W,54.0
YMR043W,36.0
YMR044W,26.0
YMR045C,27.0
YMR046C,24.0
YMR046W-A,32.0
YMR047C,17.0
YMR048W,23.0
YMR049C,38.0
YMR050C,23.0
YMR051C,22.0
YMR052C-A,18.0
YMR052W,31.0
YMR053C,29.0
YMR054W,27.0
YMR055C,22.0
YMR056C,48.0
YMR057C,19.0
YMR058W,64.0
YMR059W,18.0
YMR060C,22.0
YMR061W,18.0
YMR062C,52.0
YMR063W,17.0
YMR064W,23.0
YMR065W,25.0
YMR066W,18.0
YMR067C,24.0
YMR068W,18.0
YMR069W,30.0
YMR070W,52.0
YMR071C,38.0
YMR072W,51.0
YMR073C,18.0
YMR074C,34.0
YMR075C-A,8.0
YMR075W,22.0
YMR076C,28.0
YMR077C,15.0
YMR078C,28.0
YMR079W,33.0
YMR080C,20.0
YMR081C,63.0
YMR082C,18.0
YMR083W,58.0
YMR084W,46.0
YMR085W,46.0
YMR086C-A,23.0
YMR086W,22.0
YMR087W,25.0
YMR088C,28.0
YMR089C,20.0
YMR090W,41.0
YMR091C,24.0
YMR092C,28.0
YMR093W,41.0
YMR094W,27.0
YMR095C,35.0
YMR096W,43.0
YMR097C,24.0
YMR098C,25.0
YMR099C,28.0
YMR100W,29.0
YMR101C,35.0
YMR102C,51.0
YMR103C,51.0
YMR104C,60.0
YMR105C,74.0
YMR105W-A,2.0
YMR106C,20.0
YMR107W,48.0
YMR108W,40.0
YMR109W,21.0
YMR110C,44.0
YMR111C,26.0
YMR112C,34.0
YMR113W,19.0
YMR114C,21.0
YMR115W,18.0
YMR116C,44.0
YMR117C,26.0
YMR118C,39.0
YMR119W,29.0
YMR119W-A,33.0
YMR120C,57.0
YMR121C,46.0
YMR122C,25.0
YMR122W-A,35.0
YMR123W,32.0
YMR124W,22.0
YMR125W,30.0
YMR126C,23.0
YMR127C,17.0
YMR128W,23.0
YMR129W,18.0
YMR130W,26.0
YMR131C,43.0
YMR132C,18.0
YMR133W,32.0
YMR134W,44.0
YMR135C,55.0
YMR135W-A,36.0
YMR136W,73.0
YMR137C,18.0
YMR138W,28.0
YMR139W,37.0
YMR140W,48.0
YMR141C,22.0
YMR141W-A,
YMR142C,44.0
YMR143W,27.0
YMR144W,54.0
YMR145C,90.0
YMR146C,51.0
YMR147W,28.0
YMR148W,17.0
YMR149W,21.0
YMR150C,15.0
YMR151W,7.0
YMR152W,23.0
YMR153C-A,12.0
YMR153W,14.0
YMR154C,16.0
YMR155W,25.0
YMR156C,9.0
YMR157C,22.0
YMR158C-A,8.0
YMR158W,28.0
YMR158W-B,
YMR159C,18.0
YMR160W,22.0
YMR161W,10.0
YMR162C,21.0
YMR163C,20.0
YMR164C,26.0
YMR165C,38.0
YMR166C,20.0
YMR167W,14.0
YMR168C,16.0
YMR169C,67.0
YMR170C,34.0
YMR171C,43.0
YMR172C-A,24.0
YMR172W,24.0
YMR173W,72.0
YMR173W-A,55.0
YMR174C,52.0
YMR175W,48.0
YMR175W-A,5.0
YMR176W,30.0
YMR177W,29.0
YMR178W,34.0
YMR179W,35.0
YMR180C,20.0
YMR181C,61.0
YMR182C,38.0
YMR182W-A,6.0
YMR183C,28.0
YMR184W,39.0
YMR185W,28.0
YMR186W,66.0
YMR187C,25.0
YMR188C,39.0
YMR189W,68.0
YMR190C,19.0
YMR191W,37.0
YMR192W,44.0
YMR193C-A,19.0
YMR193W,50.0
YMR194C-A,32.0
YMR194C-B,22.0
YMR194W,64.0
YMR195W,67.0
YMR196W,44.0
YMR197C,27.0
YMR198W,29.0
YMR199W,87.0
YMR200W,29.0
YMR201C,24.0
YMR202W,35.0
YMR203W,31.0
YMR204C,18.0
YMR205C,40.0
YMR206W,39.0
YMR207C,13.0
YMR208W,22.0
YMR209C,14.0
YMR210W,20.0
YMR211W,45.0
YMR212C,19.0
YMR213W,19.0
YMR214W,35.0
YMR215W,74.0
YMR216C,24.0
YMR217W,33.0
YMR218C,15.0
YMR219W,20.0
YMR220W,49.0
YMR221C,32.0
YMR222C,24.0
YMR223W,19.0
YMR224C,15.0
YMR225C,35.0
YMR226C,30.0
YMR227C,24.0
YMR228W,23.0
YMR229C,41.0
YMR230W,56.0
YMR230W-A,11.0
YMR231W,27.0
YMR232W,25.0
YMR233W,21.0
YMR234W,20.0
YMR235C,32.0
YMR236W,32.0
YMR237W,30.0
YMR238W,27.0
YMR239C,30.0
YMR240C,34.0
YMR241W,32.0
YMR242C,43.0
YMR242W-A,7.0
YMR243C,32.0
YMR244C-A,24.0
YMR244W,29.0
YMR245W,25.0
YMR246W,49.0
YMR247C,25.0
YMR247W-A,5.0
YMR250W,69.0
YMR251W,38.0
YMR251W-A,76.0
YMR252C,33.0
YMR253C,28.0
YMR254C,17.0
YMR255W,32.0
YMR256C,68.0
YMR257C,37.0
YMR258C,40.0
YMR259C,25.0
YMR260C,44.0
YMR261C,22.0
YMR262W,25.0
YMR263W,31.0
YMR264W,12.0
YMR265C,40.0
YMR266W,49.0
YMR267W,21.0
YMR268C,11.0
YMR269W,21.0
YMR270C,17.0
YMR271C,38.0
YMR272C,46.0
YMR272W-A,
YMR272W-B,7.0
YMR273C,18.0
YMR274C,27.0
YMR275C,20.0
YMR276W,59.0
YMR277W,28.0
YMR278W,28.0
YMR279C,32.0
YMR280C,31.0
YMR281W,19.0
YMR282C,14.0
YMR283C,20.0
YMR284W,24.0
YMR285C,20.0
YMR286W,31.0
YMR287C,20.0
YMR288W,17.0
YMR289W,24.0
YMR290C,38.0
YMR290W-A,29.0
YMR291W,49.0
YMR292W,25.0
YMR293C,8.0
YMR294W,15.0
YMR294W-A,26.0
YMR295C,39.0
YMR296C,34.0
YMR297W,35.0
YMR298W,32.0
YMR299C,23.0
YMR300C,35.0
YMR301C,17.0
YMR302C,22.0
YMR303C,68.0
YMR304C-A,39.0
YMR304W,30.0
YMR305C,60.0
YMR306C-A,22.0
YMR306W,40.0
YMR307C-A,
YMR307W,41.0
YMR308C,17.0
YMR309C,30.0
YMR310C,28.0
YMR311C,18.0
YMR312W,32.0
YMR313C,16.0
YMR314W,58.0
YMR315W,52.0
YMR315W-A,6.0
YMR316C-A,22.0
YMR316C-B,10.0
YMR316W,54.0
YMR317W,35.0
YMR318C,36.0
YMR319C,65.0
YMR320W,21.0
YMR321C,47.0
YMR322C,49.0
YMR323W,45.0
YMR324C,19.0
YMR325W,33.0
YMR326C,15.0
YNL001W,26.0
YNL002C,30.0
YNL003C,27.0
YNL004W,21.0
YNL005C,23.0
YNL006W,27.0
YNL007C,62.0
YNL008C,23.0
YNL009W,36.0
YNL010W,33.0
YNL011C,24.0
YNL012W,28.0
YNL013C,11.0
YNL014W,32.0
YNL015W,49.0
YNL016W,44.0
YNL017C,20.0
YNL018C,30.0
YNL019C,20.0
YNL020C,25.0
YNL021W,9.0
YNL022C,15.0
YNL023C,12.0
YNL024C,27.0
YNL024C-A,7.0
YNL025C,26.0
YNL026W,20.0
YNL027W,26.0
YNL028W,12.0
YNL029C,20.0
YNL030W,66.0
YNL031C,59.0
YNL032W,22.0
YNL033W,28.0
YNL034W,28.0
YNL035C,31.0
YNL036W,65.0
YNL037C,57.0
YNL038W,21.0
YNL039W,21.0
YNL040W,18.0
YNL041C,15.0
YNL042W,29.0
YNL042W-B,9.0
YNL043C,32.0
YNL044W,41.0
YNL045W,43.0
YNL046W,28.0
YNL047C,17.0
YNL048W,10.0
YNL049C,28.0
YNL050C,25.0
YNL051W,31.0
YNL052W,57.0
YNL053W,32.0
YNL054W,19.0
YNL054W-A,27.0
YNL054W-B,15.0
YNL055C,65.0
YNL056W,29.0
YNL057W,39.0
YNL058C,47.0
YNL059C,21.0
YNL061W,32.0
YNL062C,36.0
YNL063W,17.0
YNL064C,56.0
YNL065W,82.0
YNL066W,63.0
YNL067W,45.0
YNL067W-A,8.0
YNL067W-B,11.0
YNL068C,34.0
YNL069C,38.0
YNL070W,50.0
YNL071W,25.0
YNL072W,22.0
YNL073W,25.0
YNL074C,36.0
YNL075W,28.0
YNL076W,36.0
YNL077W,27.0
YNL078W,51.0
YNL079C,35.0
YNL080C,25.0
YNL081C,30.0
YNL082W,20.0
YNL083W,19.0
YNL084C,22.0
YNL085W,28.0
YNL086W,17.0
YNL087W,37.0
YNL088W,29.0
YNL089C,30.0
YNL090W,44.0
YNL091W,22.0
YNL092W,36.0
YNL093W,26.0
YNL094W,42.0
YNL095C,24.0
YNL096C,46.0
YNL097C,26.0
YNL097C-B,12.0
YNL097W-A,
YNL098C,40.0
YNL099C,24.0
YNL100W,44.0
YNL101W,26.0
YNL102W,28.0
YNL103W,35.0
YNL103W-A,
YNL104C,38.0
YNL105W,7.0
YNL106C,9.0
YNL107W,30.0
YNL108C,25.0
YNL109W,20.0
YNL110C,38.0
YNL111C,30.0
YNL112W,49.0
YNL113W,27.0
YNL114C,13.0
YNL115C,47.0
YNL116W,55.0
YNL117W,48.0
YNL118C,41.0
YNL119W,19.0
YNL120C,16.0
YNL121C,23.0
YNL122C,26.0
YNL123W,19.0
YNL124W,32.0
YNL125C,29.0
YNL126W,30.0
YNL127W,21.0
YNL128W,28.0
YNL129W,22.0
YNL130C,24.0
YNL130C-A,4.0
YNL131W,14.0
YNL132W,38.0
YNL133C,23.0
YNL134C,57.0
YNL135C,31.0
YNL136W,21.0
YNL137C,20.0
YNL138W,23.0
YNL138W-A,4.0
YNL139C,18.0
YNL140C,18.0
YNL141W,56.0
YNL142W,35.0
YNL143C,22.0
YNL144C,41.0
YNL144W-A,
YNL145W,49.0
YNL146C-A,13.0
YNL146W,60.0
YNL147W,46.0
YNL148C,34.0
YNL149C,53.0
YNL150W,36.0
YNL151C,20.0
YNL152W,34.0
YNL153C,14.0
YNL154C,25.0
YNL155W,41.0
YNL156C,20.0
YNL157W,32.0
YNL158W,20.0
YNL159C,17.0
YNL160W,89.0
YNL161W,21.0
YNL162W,55.0
YNL162W-A,16.0
YNL163C,21.0
YNL164C,28.0
YNL165W,24.0
YNL166C,27.0
YNL167C,26.0
YNL168C,19.0
YNL169C,31.0
YNL170W,17.0
YNL171C,17.0
YNL172W,26.0
YNL173C,38.0
YNL174W,20.0
YNL175C,26.0
YNL176C,35.0
YNL177C,15.0
YNL178W,56.0
YNL179C,37.0
YNL180C,59.0
YNL181W,18.0
YNL182C,49.0
YNL183C,29.0
YNL184C,22.0
YNL185C,18.0
YNL186W,22.0
YNL187W,18.0
YNL188W,25.0
YNL189W,30.0
YNL190W,39.0
YNL191W,27.0
YNL192W,53.0
YNL193W,29.0
YNL194C,50.0
YNL195C,41.0
YNL196C,20.0
YNL197C,34.0
YNL198C,15.0
YNL199C,21.0
YNL200C,49.0
YNL201C,20.0
YNL202W,33.0
YNL203C,16.0
YNL204C,28.0
YNL205C,18.0
YNL206C,19.0
YNL207W,18.0
YNL208W,47.0
YNL209W,34.0
YNL210W,24.0
YNL211C,31.0
YNL212W,21.0
YNL213C,18.0
YNL214W,17.0
YNL215W,20.0
YNL216W,19.0
YNL217W,47.0
YNL218W,26.0
YNL219C,26.0
YNL220W,40.0
YNL221C,27.0
YNL222W,26.0
YNL223W,21.0
YNL224C,22.0
YNL225C,20.0
YNL226W,14.0
YNL227C,26.0
YNL228W,16.0
YNL229C,18.0
YNL230C,25.0
YNL231C,47.0
YNL232W,27.0
YNL233W,22.0
YNL234W,49.0
YNL235C,18.0
YNL236W,13.0
YNL237W,34.0
YNL238W,26.0
YNL239W,42.0
YNL240C,32.0
YNL241C,66.0
YNL242W,21.0
YNL243W,33.0
YNL244C,44.0
YNL245C,20.0
YNL246W,17.0
YNL247W,30.0
YNL248C,30.0
YNL249C,13.0
YNL250W,19.0
YNL251C,36.0
YNL252C,28.0
YNL253W,22.0
YNL254C,26.0
YNL255C,39.0
YNL256W,35.0
YNL257C,20.0
YNL258C,20.0
YNL259C,53.0
YNL260C,27.0
YNL261W,20.0
YNL262W,19.0
YNL263C,27.0
YNL264C,52.0
YNL265C,20.0
YNL266W,27.0
YNL267W,17.0
YNL268W,31.0
YNL269W,21.0
YNL270C,33.0
YNL271C,25.0
YNL272C,14.0
YNL273W,19.0
YNL274C,53.0
YNL275W,29.0
YNL276C,23.0
YNL277W,53.0
YNL277W-A,14.0
YNL278W,25.0
YNL279W,69.0
YNL280C,26.0
YNL281W,35.0
YNL282W,37.0
YNL283C,53.0
YNL284C,34.0
YNL284C-A,22.0
YNL284C-B,13.0
YNL285W,21.0
YNL286W,20.0
YNL287W,33.0
YNL288W,31.0
YNL289W,104.0
YNL290W,31.0
YNL291C,19.0
YNL292W,19.0
YNL293W,23.0
YNL294C,29.0
YNL295W,22.0
YNL296W,12.0
YNL297C,16.0
YNL298W,31.0
YNL299W,23.0
YNL300W,79.0
YNL301C,43.0
YNL302C,39.0
YNL303W,25.0
YNL304W,18.0
YNL305C,44.0
YNL306W,49.0
YNL307C,39.0
YNL308C,35.0
YNL309W,38.0
YNL310C,38.0
YNL311C,25.0
YNL312W,56.0
YNL313C,30.0
YNL314W,16.0
YNL315C,33.0
YNL316C,15.0
YNL317W,15.0
YNL318C,17.0
YNL319W,17.0
YNL320W,17.0
YNL321W,34.0
YNL322C,45.0
YNL323W,17.0
YNL324W,22.0
YNL325C,17.0
YNL326C,17.0
YNL327W,54.0
YNL328C,27.0
YNL329C,28.0
YNL330C,21.0
YNL331C,24.0
YNL332W,45.0
YNL333W,39.0
YNL334C,30.0
YNL335W,33.0
YNL336W,48.0
YNL337W,62.0
YNL338W,54.0
YNL339C,63.0
YNL339W-A,
YNL339W-B,
YNR001C,72.0
YNR001W-A,10.0
YNR002C,43.0
YNR003C,30.0
YNR003W-A,
YNR004W,23.0
YNR005C,6.0
YNR006W,32.0
YNR007C,23.0
YNR008W,26.0
YNR009W,47.0
YNR010W,24.0
YNR011C,21.0
YNR012W,29.0
YNR013C,30.0
YNR014W,50.0
YNR015W,28.0
YNR016C,49.0
YNR017W,52.0
YNR018W,61.0
YNR019W,56.0
YNR020C,26.0
YNR021W,23.0
YNR022C,35.0
YNR023W,15.0
YNR024W,25.0
YNR025C,23.0
YNR026C,33.0
YNR027W,26.0
YNR028W,37.0
YNR029C,24.0
YNR030W,26.0
YNR031C,18.0
YNR032C-A,25.0
YNR032W,25.0
YNR033W,24.0
YNR034W,40.0
YNR034W-A,27.0
YNR035C,49.0
YNR036C,28.0
YNR037C,43.0
YNR038W,49.0
YNR039C,18.0
YNR040W,21.0
YNR041C,27.0
YNR042W,28.0
YNR043W,37.0
YNR044W,86.0
YNR045W,23.0
YNR046W,28.0
YNR047W,23.0
YNR048W,15.0
YNR049C,24.0
YNR050C,58.0
YNR051C,28.0
YNR052C,26.0
YNR053C,41.0
YNR054C,36.0
YNR055C,38.0
YNR056C,32.0
YNR057C,31.0
YNR058W,35.0
YNR059W,28.0
YNR060W,54.0
YNR061C,31.0
YNR062C,25.0
YNR063W,23.0
YNR064C,32.0
YNR065C,36.0
YNR066C,69.0
YNR067C,53.0
YNR068C,34.0
YNR069C,32.0
YNR070W,27.0
YNR071C,63.0
YNR072W,61.0
YNR073C,42.0
YNR074C,24.0
YNR075C-A,3.0
YNR075W,33.0
YNR076W,45.0
YNR077C,20.0
YOL001W,22.0
YOL002C,54.0
YOL003C,24.0
YOL004W,22.0
YOL005C,27.0
YOL006C,24.0
YOL007C,56.0
YOL008W,20.0
YOL009C,19.0
YOL010W,32.0
YOL011W,46.0
YOL012C,42.0
YOL013C,29.0
YOL013W-A,36.0
YOL013W-B,1.0
YOL014W,47.0
YOL015W,22.0
YOL016C,45.0
YOL017W,25.0
YOL018C,24.0
YOL019W,50.0
YOL019W-A,8.0
YOL020W,41.0
YOL021C,23.0
YOL022C,29.0
YOL023W,26.0
YOL024W,30.0
YOL025W,24.0
YOL026C,28.0
YOL027C,28.0
YOL028C,22.0
YOL029C,25.0
YOL030W,40.0
YOL031C,41.0
YOL032W,44.0
YOL033W,22.0
YOL034W,27.0
YOL035C,19.0
YOL036W,24.0
YOL037C,16.0
YOL038C-A,9.0
YOL038W,43.0
YOL039W,42.0
YOL040C,47.0
YOL041C,39.0
YOL042W,22.0
YOL043C,23.0
YOL044W,14.0
YOL045W,21.0
YOL046C,20.0
YOL047C,43.0
YOL048C,38.0
YOL049W,17.0
YOL050C,17.0
YOL051W,32.0
YOL052C,38.0
YOL052C-A,73.0
YOL053W,27.0
YOL054W,27.0
YOL055C,34.0
YOL056W,22.0
YOL057W,38.0
YOL058W,86.0
YOL059W,42.0
YOL060C,34.0
YOL061W,20.0
YOL062C,16.0
YOL063C,18.0
YOL064C,28.0
YOL065C,23.0
YOL066C,19.0
YOL067C,25.0
YOL068C,23.0
YOL069W,23.0
YOL070C,22.0
YOL071W,43.0
YOL072W,23.0
YOL073C,30.0
YOL075C,30.0
YOL076W,38.0
YOL077C,41.0
YOL077W-A,57.0
YOL078W,24.0
YOL079W,19.0
YOL080C,27.0
YOL081W,28.0
YOL082W,49.0
YOL083C-A,
YOL083W,37.0
YOL084W,68.0
YOL085C,20.0
YOL085W-A,
YOL086C,69.0
YOL086W-A,11.0
YOL087C,24.0
YOL088C,20.0
YOL089C,21.0
YOL090W,25.0
YOL091W,29.0
YOL092W,27.0
YOL093W,22.0
YOL094C,17.0
YOL095C,18.0
YOL096C,19.0
YOL097C,35.0
YOL097W-A,4.0
YOL098C,23.0
YOL099C,14.0
YOL100W,26.0
YOL101C,90.0
YOL102C,19.0
YOL103W,27.0
YOL103W-A,22.0
YOL103W-B,26.0
YOL104C,62.0
YOL105C,44.0
YOL106W,31.0
YOL107W,28.0
YOL108C,36.0
YOL109W,70.0
YOL110W,39.0
YOL111C,57.0
YOL112W,16.0
YOL113W,30.0
YOL114C,21.0
YOL115W,34.0
YOL116W,26.0
YOL117W,35.0
YOL118C,20.0
YOL119C,87.0
YOL120C,41.0
YOL121C,52.0
YOL122C,42.0
YOL123W,40.0
YOL124C,33.0
YOL125W,40.0
YOL126C,76.0
YOL127W,49.0
YOL128C,30.0
YOL129W,18.0
YOL130W,25.0
YOL131W,28.0
YOL132W,27.0
YOL133W,22.0
YOL134C,13.0
YOL135C,20.0
YOL136C,63.0
YOL137W,25.0
YOL138C,22.0
YOL139C,33.0
YOL140W,34.0
YOL141W,35.0
YOL142W,25.0
YOL143C,68.0
YOL144W,45.0
YOL145C,20.0
YOL146W,26.0
YOL147C,26.0
YOL148C,24.0
YOL149W,39.0
YOL150C,43.0
YOL151W,74.0
YOL152W,45.0
YOL153C,35.0
YOL154W,52.0
YOL155C,77.0
YOL155W-A,8.0
YOL156W,65.0
YOL157C,51.0
YOL158C,61.0
YOL159C,45.0
YOL159C-A,6.0
YOL160W,22.0
YOL161C,37.0
YOL162W,30.0
YOL163W,35.0
YOL164W,35.0
YOL164W-A,7.0
YOL165C,31.0
YOL166C,21.0
YOL166W-A,10.0
YOR001W,26.0
YOR002W,21.0
YOR003W,23.0
YOR004W,34.0
YOR005C,26.0
YOR006C,31.0
YOR007C,22.0
YOR008C,29.0
YOR008C-A,26.0
YOR008W-B,8.0
YOR009W,41.0
YOR010C,49.0
YOR011W,45.0
YOR011W-A,
YOR012W,17.0
YOR013W,11.0
YOR014W,22.0
YOR015W,19.0
YOR016C,20.0
YOR017W,26.0
YOR018W,34.0
YOR019W,34.0
YOR020C,44.0
YOR020W-A,16.0
YOR021C,37.0
YOR022C,23.0
YOR023C,33.0
YOR024W,25.0
YOR025W,34.0
YOR026W,37.0
YOR027W,64.0
YOR028C,48.0
YOR029W,20.0
YOR030W,30.0
YOR031W,22.0
YOR032C,73.0
YOR032W-A,23.0
YOR033C,30.0
YOR034C,47.0
YOR034C-A,1.0
YOR035C,22.0
YOR036W,29.0
YOR037W,22.0
YOR038C,54.0
YOR039W,36.0
YOR040W,35.0
YOR041C,21.0
YOR042W,26.0
YOR043W,99.0
YOR044W,31.0
YOR045W,48.0
YOR046C,25.0
YOR047C,28.0
YOR048C,22.0
YOR049C,57.0
YOR050C,29.0
YOR051C,51.0
YOR052C,52.0
YOR053W,12.0
YOR054C,30.0
YOR055W,9.0
YOR056C,27.0
YOR057W,18.0
YOR058C,32.0
YOR059C,29.0
YOR060C,16.0
YOR061W,18.0
YOR062C,41.0
YOR063W,57.0
YOR064C,36.0
YOR065W,71.0
YOR066W,49.0
YOR067C,27.0
YOR068C,17.0
YOR069W,18.0
YOR070C,23.0
YOR071C,45.0
YOR072W,19.0
YOR072W-A,
YOR072W-B,8.0
YOR073W,43.0
YOR073W-A,
YOR074C,80.0
YOR075W,63.0
YOR076C,26.0
YOR077W,30.0
YOR078W,47.0
YOR079C,16.0
YOR080W,24.0
YOR081C,26.0
YOR082C,21.0
YOR083W,21.0
YOR084W,58.0
YOR085W,33.0
YOR086C,27.0
YOR087W,26.0
YOR089C,22.0
YOR090C,38.0
YOR091W,24.0
YOR092W,47.0
YOR093C,23.0
YOR094W,24.0
YOR095C,54.0
YOR096W,33.0
YOR097C,16.0
YOR098C,21.0
YOR099W,26.0
YOR100C,48.0
YOR101W,36.0
YOR102W,16.0
YOR103C,26.0
YOR104W,21.0
YOR105W,11.0
YOR106W,22.0
YOR107W,51.0
YOR108C-A,
YOR108W,31.0
YOR109W,17.0
YOR110W,17.0
YOR111W,20.0
YOR112W,18.0
YOR113W,22.0
YOR114W,21.0
YOR115C,18.0
YOR116C,20.0
YOR117W,17.0
YOR118W,17.0
YOR119C,25.0
YOR120W,40.0
YOR121C,18.0
YOR122C,20.0
YOR123C,13.0
YOR124C,17.0
YOR125C,15.0
YOR126C,16.0
YOR127W,15.0
YOR128C,26.0
YOR129C,20.0
YOR130C,26.0
YOR131C,15.0
YOR132W,24.0
YOR133W,20.0
YOR134W,44.0
YOR135C,18.0
YOR136W,32.0
YOR137C,28.0
YOR138C,33.0
YOR139C,10.0
YOR140W,32.0
YOR141C,16.0
YOR142W,23.0
YOR142W-A,14.0
YOR142W-B,19.0
YOR143C,22.0
YOR144C,17.0
YOR145C,20.0
YOR146W,16.0
YOR147W,19.0
YOR148C,33.0
YOR149C,18.0
YOR150W,22.0
YOR151C,18.0
YOR152C,38.0
YOR153W,56.0
YOR154W,20.0
YOR155C,15.0
YOR156C,12.0
YOR157C,19.0
YOR158W,20.0
YOR159C,15.0
YOR160W,24.0
YOR161C,50.0
YOR161C-C,8.0
YOR161W-A,
YOR161W-B,
YOR162C,25.0
YOR163W,21.0
YOR164C,17.0
YOR165W,13.0
YOR166C,18.0
YOR167C,25.0
YOR168W,20.0
YOR169C,9.0
YOR170W,11.0
YOR171C,17.0
YOR172W,20.0
YOR173W,56.0
YOR174W,18.0
YOR175C,23.0
YOR176W,28.0
YOR177C,25.0
YOR178C,56.0
YOR179C,23.0
YOR180C,32.0
YOR181W,26.0
YOR182C,57.0
YOR183W,27.0
YOR184W,38.0
YOR185C,34.0
YOR186C-A,
YOR186W,34.0
YOR187W,33.0
YOR188W,18.0
YOR189W,25.0
YOR190W,38.0
YOR191W,28.0
YOR192C,48.0
YOR192C-A,22.0
YOR192C-B,28.0
YOR192C-C,7.0
YOR193W,37.0
YOR194C,52.0
YOR195W,26.0
YOR196C,17.0
YOR197W,34.0
YOR198C,42.0
YOR199W,19.0
YOR200W,10.0
YOR201C,24.0
YOR202W,53.0
YOR203W,44.0
YOR204W,32.0
YOR205C,17.0
YOR206W,36.0
YOR207C,18.0
YOR208W,27.0
YOR209C,33.0
YOR210W,43.0
YOR211C,18.0
YOR212W,30.0
YOR213C,23.0
YOR214C,29.0
YOR215C,36.0
YOR216C,17.0
YOR217W,25.0
YOR218C,17.0
YOR219C,20.0
YOR220W,53.0
YOR221C,43.0
YOR222W,35.0
YOR223W,22.0
YOR224C,24.0
YOR225W,53.0
YOR226C,77.0
YOR227W,36.0
YOR228C,34.0
YOR229W,64.0
YOR230W,71.0
YOR231C-A,
YOR231W,31.0
YOR232W,23.0
YOR233W,20.0
YOR234C,53.0
YOR235W,33.0
YOR236W,47.0
YOR237W,38.0
YOR238W,16.0
YOR239W,47.0
YOR241W,13.0
YOR242C,25.0
YOR243C,32.0
YOR244W,24.0
YOR245C,26.0
YOR246C,47.0
YOR247W,71.0
YOR248W,55.0
YOR249C,18.0
YOR250C,26.0
YOR251C,22.0
YOR252W,45.0
YOR253W,26.0
YOR254C,35.0
YOR255W,27.0
YOR256C,27.0
YOR257W,31.0
YOR258W,29.0
YOR259C,23.0
YOR260W,32.0
YOR261C,29.0
YOR262W,26.0
YOR263C,18.0
YOR264W,30.0
YOR265W,39.0
YOR266W,19.0
YOR267C,42.0
YOR268C,48.0
YOR269W,35.0
YOR270C,33.0
YOR271C,25.0
YOR272W,48.0
YOR273C,72.0
YOR274W,42.0
YOR275C,19.0
YOR276W,36.0
YOR277C,44.0
YOR278W,29.0
YOR279C,19.0
YOR280C,24.0
YOR281C,24.0
YOR282W,17.0
YOR283W,32.0
YOR284W,28.0
YOR285W,50.0
YOR286W,25.0
YOR287C,32.0
YOR288C,34.0
YOR289W,47.0
YOR290C,20.0
YOR291W,26.0
YOR292C,43.0
YOR293C-A,3.0
YOR293W,53.0
YOR294W,35.0
YOR295W,21.0
YOR296W,18.0
YOR297C,30.0
YOR298C-A,53.0
YOR298W,54.0
YOR299W,32.0
YOR300W,17.0
YOR301W,30.0
YOR302W,54.0
YOR303W,59.0
YOR304C-A,19.0
YOR304W,30.0
YOR305W,34.0
YOR306C,66.0
YOR307C,29.0
YOR308C,20.0
YOR309C,39.0
YOR310C,39.0
YOR311C,20.0
YOR312C,36.0
YOR313C,53.0
YOR314W,29.0
YOR314W-A,9.0
YOR315W,81.0
YOR316C,42.0
YOR316C-A,17.0
YOR317W,68.0
YOR318C,37.0
YOR319W,41.0
YOR320C,28.0
YOR321W,38.0
YOR322C,20.0
YOR323C,27.0
YOR324C,63.0
YOR325W,15.0
YOR326W,28.0
YOR327C,39.0
YOR328W,42.0
YOR329C,35.0
YOR329W-A,
YOR330C,24.0
YOR331C,25.0
YOR332W,27.0
YOR333C,16.0
YOR334W,25.0
YOR335C,25.0
YOR335W-A,
YOR336W,28.0
YOR337W,28.0
YOR338W,43.0
YOR339C,27.0
YOR340C,32.0
YOR341W,33.0
YOR342C,51.0
YOR343C,25.0
YOR343W-A,29.0
YOR343W-B,35.0
YOR344C,64.0
YOR345C,29.0
YOR346W,28.0
YOR347C,62.0
YOR348C,62.0
YOR349W,38.0
YOR350C,21.0
YOR351C,38.0
YOR352W,21.0
YOR353C,19.0
YOR354C,68.0
YOR355W,44.0
YOR356W,22.0
YOR357C,48.0
YOR358W,23.0
YOR359W,38.0
YOR360C,26.0
YOR361C,38.0
YOR362C,22.0
YOR363C,16.0
YOR364W,17.0
YOR365C,18.0
YOR366W,20.0
YOR367W,64.0
YOR368W,25.0
YOR369C,42.0
YOR370C,35.0
YOR371C,20.0
YOR372C,47.0
YOR373W,27.0
YOR374W,56.0
YOR375C,63.0
YOR376W,23.0
YOR376W-A,8.0
YOR377W,54.0
YOR378W,49.0
YOR379C,15.0
YOR380W,31.0
YOR381W,49.0
YOR381W-A,6.0
YOR382W,80.0
YOR383C,64.0
YOR384W,47.0
YOR385W,44.0
YOR386W,35.0
YOR387C,36.0
YOR388C,47.0
YOR389W,45.0
YOR390W,38.0
YOR391C,44.0
YOR392W,13.0
YOR393W,46.0
YOR394C-A,5.0
YOR394W,38.0
YOR396C-A,
YOR396W,11.0
YPL001W,18.0
YPL002C,15.0
YPL003W,22.0
YPL004C,47.0
YPL005W,24.0
YPL006W,28.0
YPL007C,20.0
YPL008W,17.0
YPL009C,21.0
YPL010W,25.0
YPL011C,21.0
YPL012W,38.0
YPL013C,38.0
YPL014W,60.0
YPL015C,37.0
YPL016W,144.0
YPL017C,58.0
YPL018W,52.0
YPL019C,58.0
YPL020C,26.0
YPL021W,38.0
YPL022W,15.0
YPL023C,29.0
YPL024W,48.0
YPL025C,32.0
YPL026C,52.0
YPL027W,30.0
YPL028W,33.0
YPL029W,22.0
YPL030W,33.0
YPL031C,34.0
YPL032C,45.0
YPL033C,30.0
YPL034W,28.0
YPL035C,18.0
YPL036W,60.0
YPL037C,37.0
YPL038W,27.0
YPL038W-A,3.0
YPL039W,17.0
YPL040C,34.0
YPL041C,21.0
YPL042C,24.0
YPL043W,44.0
YPL044C,29.0
YPL045W,25.0
YPL046C,17.0
YPL047W,17.0
YPL048W,45.0
YPL049C,55.0
YPL050C,28.0
YPL051W,35.0
YPL052W,28.0
YPL053C,21.0
YPL054W,52.0
YPL055C,47.0
YPL056C,40.0
YPL057C,49.0
YPL058C,44.0
YPL059W,31.0
YPL060C-A,16.0
YPL060W,28.0
YPL061W,65.0
YPL062W,27.0
YPL063W,53.0
YPL064C,22.0
YPL065W,18.0
YPL066W,65.0
YPL067C,41.0
YPL068C,25.0
YPL069C,21.0
YPL070W,25.0
YPL071C,29.0
YPL072W,12.0
YPL073C,8.0
YPL074W,24.0
YPL075W,56.0
YPL076W,30.0
YPL077C,25.0
YPL078C,34.0
YPL079W,32.0
YPL080C,23.0
YPL081W,50.0
YPL082C,36.0
YPL083C,25.0
YPL084W,23.0
YPL085W,24.0
YPL086C,28.0
YPL087W,48.0
YPL088W,47.0
YPL089C,43.0
YPL090C,45.0
YPL091W,35.0
YPL092W,70.0
YPL093W,41.0
YPL094C,23.0
YPL095C,49.0
YPL096C-A,3.0
YPL096W,13.0
YPL097W,20.0
YPL098C,27.0
YPL099C,19.0
YPL100W,16.0
YPL101W,15.0
YPL102C,9.0
YPL103C,16.0
YPL104W,19.0
YPL105C,19.0
YPL106C,41.0
YPL107W,24.0
YPL108W,21.0
YPL109C,30.0
YPL110C,31.0
YPL111W,52.0
YPL112C,42.0
YPL113C,32.0
YPL114W,13.0
YPL115C,18.0
YPL116W,31.0
YPL117C,41.0
YPL118W,28.0
YPL119C,26.0
YPL119C-A,4.0
YPL120W,24.0
YPL121C,13.0
YPL122C,51.0
YPL123C,39.0
YPL124W,32.0
YPL125W,20.0
YPL126W,30.0
YPL127C,46.0
YPL128C,26.0
YPL129W,30.0
YPL130W,35.0
YPL131W,38.0
YPL132W,32.0
YPL133C,19.0
YPL134C,40.0
YPL135C-A,
YPL135W,49.0
YPL136W,21.0
YPL137C,43.0
YPL138C,17.0
YPL139C,29.0
YPL140C,17.0
YPL141C,32.0
YPL142C,42.0
YPL143W,45.0
YPL144W,40.0
YPL145C,37.0
YPL146C,43.0
YPL147W,30.0
YPL148C,28.0
YPL149W,39.0
YPL150W,19.0
YPL151C,26.0
YPL152W,22.0
YPL152W-A,3.0
YPL153C,24.0
YPL154C,45.0
YPL155C,22.0
YPL156C,75.0
YPL157W,29.0
YPL158C,32.0
YPL159C,29.0
YPL160W,39.0
YPL161C,21.0
YPL162C,21.0
YPL163C,75.0
YPL164C,21.0
YPL165C,24.0
YPL166W,28.0
YPL167C,14.0
YPL168W,16.0
YPL169C,23.0
YPL170W,47.0
YPL171C,56.0
YPL172C,28.0
YPL173W,30.0
YPL174C,26.0
YPL175W,22.0
YPL176C,31.0
YPL177C,58.0
YPL178W,28.0
YPL179W,22.0
YPL180W,24.0
YPL181W,28.0
YPL182C,21.0
YPL183C,26.0
YPL183W-A,39.0
YPL184C,28.0
YPL185W,18.0
YPL186C,36.0
YPL187W,69.0
YPL188W,27.0
YPL189C-A,14.0
YPL189W,56.0
YPL190C,33.0
YPL191C,23.0
YPL192C,29.0
YPL193W,22.0
YPL194W,18.0
YPL195W,30.0
YPL196W,36.0
YPL197C,27.0
YPL198W,46.0
YPL199C,30.0
YPL200W,20.0
YPL201C,27.0
YPL202C,35.0
YPL203W,40.0
YPL204W,28.0
YPL205C,15.0
YPL206C,31.0
YPL207W,34.0
YPL208W,32.0
YPL209C,26.0
YPL210C,25.0
YPL211W,49.0
YPL212C,31.0
YPL213W,25.0
YPL214C,26.0
YPL215W,31.0
YPL216W,29.0
YPL217C,25.0
YPL218W,31.0
YPL219W,20.0
YPL220W,30.0
YPL221W,45.0
YPL222C-A,
YPL222W,47.0
YPL223C,43.0
YPL224C,21.0
YPL225W,33.0
YPL226W,37.0
YPL227C,25.0
YPL228W,25.0
YPL229W,31.0
YPL230W,59.0
YPL231W,35.0
YPL232W,26.0
YPL233W,18.0
YPL234C,27.0
YPL235W,14.0
YPL236C,19.0
YPL237W,20.0
YPL238C,20.0
YPL239W,40.0
YPL240C,70.0
YPL241C,32.0
YPL242C,28.0
YPL243W,31.0
YPL244C,22.0
YPL245W,44.0
YPL246C,40.0
YPL247C,55.0
YPL248C,24.0
YPL249C,24.0
YPL249C-A,51.0
YPL250C,53.0
YPL250W-A,
YPL251W,41.0
YPL252C,34.0
YPL253C,45.0
YPL254W,23.0
YPL255W,36.0
YPL256C,65.0
YPL257W,20.0
YPL257W-A,18.0
YPL257W-B,38.0
YPL258C,37.0
YPL259C,21.0
YPL260W,24.0
YPL261C,13.0
YPL262W,33.0
YPL263C,21.0
YPL264C,25.0
YPL265W,68.0
YPL266W,35.0
YPL267W,29.0
YPL268W,32.0
YPL269W,21.0
YPL270W,27.0
YPL271W,51.0
YPL272C,31.0
YPL273W,59.0
YPL274W,54.0
YPL275W,23.0
YPL276W,31.0
YPL277C,33.0
YPL278C,34.0
YPL279C,39.0
YPL280W,48.0
YPL281C,45.0
YPL282C,29.0
YPL283C,56.0
YPL283W-A,
YPL283W-B,
YPR001W,42.0
YPR002C-A,34.0
YPR002W,54.0
YPR003C,19.0
YPR004C,36.0
YPR005C,39.0
YPR006C,35.0
YPR007C,26.0
YPR008W,26.0
YPR009W,52.0
YPR010C,42.0
YPR010C-A,5.0
YPR011C,23.0
YPR012W,17.0
YPR013C,66.0
YPR014C,15.0
YPR015C,50.0
YPR016C,29.0
YPR016W-A,1.0
YPR017C,27.0
YPR018W,23.0
YPR019W,24.0
YPR020W,60.0
YPR021C,20.0
YPR022C,21.0
YPR023C,17.0
YPR024W,31.0
YPR025C,25.0
YPR026W,35.0
YPR027C,26.0
YPR028W,43.0
YPR029C,24.0
YPR030W,39.0
YPR031W,18.0
YPR032W,19.0
YPR033C,19.0
YPR034W,24.0
YPR035W,62.0
YPR036W,36.0
YPR036W-A,25.0
YPR037C,25.0
YPR038W,24.0
YPR039W,17.0
YPR040W,44.0
YPR041W,34.0
YPR042C,24.0
YPR043W,51.0
YPR044C,35.0
YPR045C,25.0
YPR046W,21.0
YPR047W,24.0
YPR048W,27.0
YPR049C,25.0
YPR050C,18.0
YPR051W,28.0
YPR052C,35.0
YPR053C,30.0
YPR054W,39.0
YPR055W,46.0
YPR056W,23.0
YPR057W,26.0
YPR058W,24.0
YPR059C,13.0
YPR060C,34.0
YPR061C,31.0
YPR062W,34.0
YPR063C,37.0
YPR064W,28.0
YPR065W,54.0
YPR066W,20.0
YPR067W,23.0
YPR068C,16.0
YPR069C,33.0
YPR070W,18.0
YPR071W,20.0
YPR072W,27.0
YPR073C,35.0
YPR074C,54.0
YPR074W-A,6.0
YPR075C,28.0
YPR076W,20.0
YPR077C,22.0
YPR078C,26.0
YPR079W,25.0
YPR080W,27.0
YPR081C,20.0
YPR082C,14.0
YPR083W,20.0
YPR084W,12.0
YPR085C,17.0
YPR086W,14.0
YPR087W,14.0
YPR088C,12.0
YPR089W,14.0
YPR091C,21.0
YPR092W,18.0
YPR093C,24.0
YPR094W,20.0
YPR095C,16.0
YPR096C,15.0
YPR097W,14.0
YPR098C,20.0
YPR099C,16.0
YPR100W,15.0
YPR101W,22.0
YPR102C,30.0
YPR103W,18.0
YPR104C,20.0
YPR105C,21.0
YPR106W,29.0
YPR107C,23.0
YPR108W,28.0
YPR108W-A,7.0
YPR109W,28.0
YPR110C,25.0
YPR111W,24.0
YPR112C,25.0
YPR113W,25.0
YPR114W,18.0
YPR115W,18.0
YPR116W,18.0
YPR117W,18.0
YPR118W,14.0
YPR119W,42.0
YPR120C,23.0
YPR121W,28.0
YPR122W,32.0
YPR123C,15.0
YPR124W,41.0
YPR125W,18.0
YPR126C,17.0
YPR127W,30.0
YPR128C,20.0
YPR129W,20.0
YPR130C,13.0
YPR131C,20.0
YPR132W,29.0
YPR133C,16.0
YPR133W-A,24.0
YPR134W,19.0
YPR135W,15.0
YPR136C,10.0
YPR137C-A,10.0
YPR137C-B,12.0
YPR137W,29.0
YPR138C,43.0
YPR139C,23.0
YPR140W,23.0
YPR141C,26.0
YPR142C,15.0
YPR143W,17.0
YPR144C,35.0
YPR145C-A,7.0
YPR145W,47.0
YPR146C,12.0
YPR147C,19.0
YPR148C,35.0
YPR149W,58.0
YPR150W,19.0
YPR151C,46.0
YPR152C,24.0
YPR153W,17.0
YPR154W,30.0
YPR155C,21.0
YPR156C,36.0
YPR157W,41.0
YPR158C-C,16.0
YPR158C-D,12.0
YPR158W,41.0
YPR158W-A,16.0
YPR158W-B,29.0
YPR159C-A,11.0
YPR159W,58.0
YPR160C-A,
YPR160W,53.0
YPR160W-A,
YPR161C,15.0
YPR162C,18.0
YPR163C,19.0
YPR164W,19.0
YPR165W,18.0
YPR166C,23.0
YPR167C,35.0
YPR168W,25.0
YPR169W,18.0
YPR169W-A,
YPR170C,14.0
YPR170W-A,
YPR170W-B,1.0
YPR171W,19.0
YPR172W,25.0
YPR173C,14.0
YPR174C,24.0
YPR175W,21.0
YPR176C,30.0
YPR177C,13.0
YPR178W,13.0
YPR179C,21.0
YPR180W,20.0
YPR181C,20.0
YPR182W,22.0
YPR183W,24.0
YPR184W,42.0
YPR185W,21.0
YPR186C,21.0
YPR187W,20.0
YPR188C,12.0
YPR189W,18.0
YPR190C,23.0
YPR191W,31.0
YPR192W,41.0
YPR193C,22.0
YPR194C,51.0
YPR195C,24.0
YPR196W,30.0
YPR197C,14.0
YPR198W,25.0
YPR199C,15.0
YPR200C,26.0
YPR201W,25.0
YPR202W,29.0
YPR203W,19.0
YPR204C-A,
YPR204W,19.0
Q0010,4.0
Q0017,4.0
Q0032,2.0
Q0045,9.0
Q0050,12.0
Q0055,9.0
Q0060,5.0
Q0065,6.0
Q0070,7.0
Q0075,7.0
Q0080,13.0
Q0085,11.0
Q0092,3.0
Q0105,8.0
Q0110,8.0
Q0115,11.0
Q0120,9.0
Q0130,9.0
Q0140,6.0
Q0142,3.0
Q0143,3.0
Q0144,4.0
Q0160,4.0
Q0182,3.0
Q0250,10.0
Q0255,5.0
Q0275,13.0
Q0297,7.0
R0010W,1.0
R0020C,1.0
R0030W,1.0
R0040C,
